resource_state,athlete,name,distance,moving_time,elapsed_time,total_elevation_gain,type,sport_type,workout_type,device_name,id,start_date,start_date_local,timezone,utc_offset,location_city,location_state,location_country,achievement_count,kudos_count,comment_count,athlete_count,photo_count,map,trainer,commute,manual,private,visibility,flagged,gear_id,start_latlng,end_latlng,average_speed,max_speed,has_heartrate,heartrate_opt_out,display_hide_heartrate_option,elev_high,elev_low,upload_id,upload_id_str,external_id,from_accepted_tag,pr_count,total_photo_count,has_kudoed
2,"{'id': 166391941, 'resource_state': 1}",Runny,8667.9,2946,3125,17.4,Run,Run,,Strava App,17028054703,2026-01-12T21:41:52Z,2026-01-12T16:41:52Z,(GMT-05:00) America/New_York,-18000.0,,,,1,2,1,1,0,"{'id': 'a17028054703', 'summary_polyline': 'ywlaGpo{pLAFKYCKEC?YWUIWGe@GQA[GYCEE@@ACCC?AIYo@a@Y]k@CM]]GQDGGIWQCIGEa@QKOQDMIG@a@g@G@YGIHa@NQR]H_@Ra@N[HQ@YJOLE?QLO?k@\\O?YFMH_@BOJ_@JEF[P{@VMA]HIHAF[LILUPk@JYPC?GMKo@OAUNENSFa@VSD]j@SQIQ@ZEFSLILKFM@ICOFi@HE?EEM?}@f@OBkAj@K@QFOLK?YJKFKLK?WFMHEGIAE?Y\\YNOD[XMBe@TICQBe@XyAl@a@Je@VK@UL}Aj@QJOBq@Z[JsBz@}ChAgBv@_Cx@eAd@OBuAh@ECAU_@cAYgAQ}@Qq@K{@UkA_@{ASk@[gAk@_CUqAQm@Ea@YkA]aAIc@Qm@[aBMa@KWm@}Cy@gDEYU{@Ms@A]EOe@mBE[Oc@CSUeAW{@MiBAg@B}ACoDQwAGWSc@g@q@QOa@U_@Ka@AUGM?CHKCQKq@CiB]]c@}@_AmAcAkBiB]_@kD}CkAmAs@m@o@q@s@i@uCqCIGc@KY?_@F[?a@PO@MCa@]aAcAMUo@s@E]Bi@Pg@l@eAPo@Tg@H_@B[nAgCj@_BlAmCJ_@r@iBLUTg@HKFUFEF?l@p@^n@`BhBlCjAF@H?h@Xr@VVFh@Tj@P^Xd@f@dBdDdAbBb@b@x@p@FHXRf@Xr@NR@VDd@DLNLDRBZADA^F`@KTBPCPMXc@JIV@z@Vn@LLHJ@t@VjBf@XFzAf@ZPL|@JNNNn@TBRAjBHl@J\\TZb@d@d@l@d@x@Z~@XtAl@rDDh@Nf@f@xAHn@DJH\\r@nEZbBL^Hl@Pb@FRLVHZ@tAJv@Lb@VhBHT\\vBLb@\\nBX|@ZTb@Bd@INGDDRb@?THd@HLNJNR`@rCJb@R^XhBLzB?VTvB@XDLHlCJ|AEBKAMJUH?FJL`@STE?JBDB?LKn@Ut@[|@Y^Ib@WFGt@YHIp@QB?AJFVLJCBCAh@QFKLARK\\CZU\\KZQz@a@bAUPOJCLGFC@FJA^UB@FJ@JCBSIGE?KNGJINDDFJBd@IVSB@TWBECMj@Md@[XKLAXQp@[\\YVYd@CRGZEVKJ@PGPQNEDE\\ADENC^CBEZIXORETOFBFCXQPCJEF@HEB?TIf@i@r@G@B', 'resource_state': 2}",False,False,False,False,everyone,False,,"[42.341255, -71.08873]","[42.34317, -71.086043]",2.942,5.78,False,False,False,8.2,1.5,18122113940.0,18122113940,stripped_3174FEB6-49C8-414D-AF9A-AFBACA01887F-activity.fit,False,0,1,False
2,"{'id': 166391941, 'resource_state': 1}",Sundy long run,13292.5,4608,4695,37.8,Run,Run,,Strava App,17014607525,2026-01-11T15:24:46Z,2026-01-11T10:24:46Z,(GMT-05:00) America/New_York,-18000.0,,,,20,1,1,1,0,"{'id': 'a17014607525', 'summary_polyline': 'cxlaGlo{pL?QMi@c@s@K[@QWyAWQMO]U]o@IWSQk@y@o@i@i@QOUUOyBn@YPi@REFa@ReAXc@TWB}@`@c@Dk@XkB`@kAt@y@\\IHSDe@f@YDa@Xk@Ra@FQJK@SO]Tq@Ne@`@cAb@yBv@c@HUPkBj@WRGEGYOCK@e@Xc@LU?uAt@_Bj@oGnCiBp@{@Vq@\\gBl@mAh@eG|BO?ASc@oAs@qCKg@Ku@[_BuAeFeB}HqAaF_BwHw@yCc@kCiA{EW}@MKQWQs@Cc@OEGOKy@Dq@s@mDIEUL[g@a@MLsCDuBHyA?w@PwDPwGHu@BgBXyIF{@@m@Ha@PmBB@AHEn@BTHNXLHHx@bD^FJCRQNa@LOb@El@^Z\\LVPLbBf@b@Bj@Nz@^lA^FFBJDd@Pd@v@XDFDpCNr@~AjBbAvBRxANb@b@dCHx@h@bBPhADBBL^rBRvANr@VtAz@xCHf@CVBv@BJJX`@rCV~@Lv@@ZZpATrATh@XTRD`@Af@ODFNZ@n@HNb@h@j@jD\\t@VdBLpCTtBN`CNnDRt@ELDhAP|BH|B~@~EN`Aj@|@FBDJ@`ATj@HdA`@pB@l@YlICTAtAE~@CdBGlAA|AKfBKzD@\\IvAAnAInBGrCCLIvDIvAIrFCfAOhBDQv@FhARVLd@NIh@IV@JMdAAt@B^FHHf@?^DXPb@@RKt@Gt@?VDTAd@Kr@MjBCJQN]DaAMeDOQK}ACyCSQQESBq@R{BR{ABi@AcALqEC{EO}FIyAQeBm@mD{CyM]mAa@sEGQ@QMoAGg@{@oDCa@]aBQm@OWwEcSc@sC@GPCfNoFLA`NmFzAo@h@KRIX?hAs@ZI|@BRCPa@TYd@I`@Ql@K^]fAk@z@Sj@SLKFBl@QPNNBt@q@^KPMNEFNVfANfALZd@lCHRN|AZh@Eh@Bf@R`@i@nCQt@EXCx@@r@Fb@Tn@b@n@~CbDTNlA\\PJlARjABpAGbBW\\Jv@Hl@^f@f@h@p@^hAxAfIrC|D`@bAXrAFvCB\\FRT\\^PJ@d@KPOpAsBZm@p@uB\\{AFs@?y@Eg@i@kAq@k@a@Sc@c@u@aAGQ?GRG^YFIAISy@Oi@IOk@wB}@kCq@{By@}E[e@MGLq@Pm@^_ALK', 'resource_state': 2}",False,False,False,False,everyone,False,,"[42.341305, -71.088703]","[42.340815, -71.091085]",2.885,4.74,False,False,False,12.5,1.5,18108571321.0,18108571321,stripped_526F7C29-82EA-4119-9167-0E5F3B7C61A1-activity.fit,False,11,1,False
2,"{'id': 166391941, 'resource_state': 1}",Afternoon run,8854.0,3107,3152,17.6,Run,Run,,Strava App,16992995844,2026-01-09T19:05:07Z,2026-01-09T14:05:07Z,(GMT-05:00) America/New_York,-18000.0,,,,0,2,3,1,0,"{'id': 'a16992995844', 'summary_polyline': 'eylaGnp{pLHIG[D??GDICc@Mg@Oy@Sw@Um@WSCGSOWYUg@i@a@AIEEWUYg@QMUCUMSYOKQ@MBMH_Bl@KJIBOJMD[JUBkDtAo@Ju@\\wA`@GFI@YN_@ZIL]Je@HOJE?@CGKCSGOAKDMKD[LEFALGFYH]Nc@p@QMKC]R_@`@MEG?STULGCKIQ@m@ZKBKFIBYLSLi@NYLu@Pu@b@K?i@^K?g@RILUFc@TIAQFYPe@JOJaC|@YReA`@iA^eAd@o@PYPiDpAc@VgA\\SL{@VoBx@sBt@M?CYm@kBe@kBUmAM{@]{A{@wCm@gCMw@_@cB}AeGQaAmAaFGe@cAgEOo@Ei@IQa@uBcAeEMmBBiGAe@MaAOe@Uk@_@i@m@c@QIa@Is@EIBKCs@GcAQu@QGE_B}A_@[{B{B}@u@gAgAWQiBgBQK[_@_C{Bc@]s@u@i@c@_@a@a@Q]ESFa@XUVIBIAc@]gAgASUQ[MIe@o@CWBo@^aAFKHQNWPk@NUHa@`@oAf@cAr@mBXk@FUVg@d@{@Py@HUZo@JM`@iAFGDCD?\\f@NNh@r@h@j@X`@\\Z`@PjA`@nAh@`@LNJjA\\|@b@p@x@dBbDV^R\\d@l@VTlAdANFDF^Np@Pj@HTAPBDFBHbADVHXGx@EFE`@k@JG\\@b@N|A\\ZLN@tAb@v@NZNnA`@LJJp@P^\\R\\NDvACZLnARXp@l@NXX\\l@xAZrAHP@V|@lFLb@Th@L~@DDFTXdBNhAb@nBBb@b@lBXl@L\\@`@AJ@L?^BXDJ@TL^P|@Fn@\\|AJfATt@Jr@\\`AFHZN\\DRALAVKVh@Dv@^b@HRn@rDAHGLG`@ANXtAJ|@Nh@BXNp@Db@^dBRlEUFYPAFDHPId@K@@@LB@JKLCXQ`@OFGXIJ?ROh@Kz@g@TENGVQDIf@QL?A@F^DFL@FE@GBAdAQRK\\?JEd@_@b@SLMLAz@]LMPEVQ@FPGX?RTJ_@FERIVHFCTQRIZ[\\UXKRMPANKDGBCTAd@SJOTONW^Gd@Cb@KTARGHGRERSPITCHINATIHKJCZYHE`@@FITEHGHANI@KZ?NG@EZAVILADBNZNHFLNN^t@v@p@P\\j@h@L^\\`@', 'resource_state': 2}",False,False,False,False,everyone,False,,"[42.341473, -71.088879]","[42.341933, -71.087602]",2.85,5.3,False,False,False,8.2,1.5,18086641807.0,18086641807,stripped_D1D3DC9F-9E66-4D65-B493-127ACA077EC9-activity.fit,False,0,1,False
2,"{'id': 166391941, 'resource_state': 1}",Lunch Run,8529.5,3180,3180,0.0,Run,Run,,,16981831663,2026-01-08T20:14:00Z,2026-01-08T12:14:00Z,(GMT-08:00) America/Los_Angeles,-28800.0,,,,0,1,2,1,0,"{'id': 'a16981831663', 'summary_polyline': '', 'resource_state': 2}",False,False,True,False,everyone,False,,[],[],2.682,0.0,False,False,False,,,,,,False,0,1,False
2,"{'id': 166391941, 'resource_state': 1}",Afternoon Run,9656.1,3564,3564,0.0,Run,Run,,,16960776714,2026-01-06T22:40:00Z,2026-01-06T14:40:00Z,(GMT-08:00) America/Los_Angeles,-28800.0,,,,0,0,0,1,0,"{'id': 'a16960776714', 'summary_polyline': '', 'resource_state': 2}",True,False,True,True,only_me,False,,[],[],2.709,0.0,False,False,False,,,,,,False,0,1,False
2,"{'id': 166391941, 'resource_state': 1}",Afternoon Run,3218.7,1200,1200,0.0,Run,Run,,,16960791041,2026-01-04T01:00:00Z,2026-01-03T17:00:00Z,(GMT-08:00) America/Los_Angeles,-28800.0,,,,0,0,0,1,0,"{'id': 'a16960791041', 'summary_polyline': '', 'resource_state': 2}",True,False,True,True,only_me,False,,[],[],2.682,0.0,False,False,False,,,,,,False,0,1,False
2,"{'id': 166391941, 'resource_state': 1}",Afternoon Run,5024.4,1743,1743,49.7,Run,Run,,,16960797574,2026-01-03T01:00:00Z,2026-01-02T17:00:00Z,(GMT-08:00) America/Los_Angeles,-28800.0,,,,0,0,0,1,0,"{'id': 'a16960797574', 'summary_polyline': '', 'resource_state': 2}",False,False,True,True,only_me,False,,[],[],2.883,0.0,False,False,False,,,,,,False,0,1,False
2,"{'id': 166391941, 'resource_state': 1}",Afternoon Run,8048.3,3001,3001,0.0,Run,Run,0.0,,16889295864,2025-12-30T22:10:00Z,2025-12-30T14:10:00Z,(GMT-08:00) America/Los_Angeles,-28800.0,,,,0,1,2,1,0,"{'id': 'a16889295864', 'summary_polyline': '', 'resource_state': 2}",True,False,True,False,everyone,False,,[],[],2.682,0.0,False,False,False,,,,,,False,0,1,False
2,"{'id': 166391941, 'resource_state': 1}",Warmup,4829.6,1801,1801,0.0,Run,Run,0.0,,16889291486,2025-12-29T00:50:00Z,2025-12-28T16:50:00Z,(GMT-08:00) America/Los_Angeles,-28800.0,,,,0,1,5,1,0,"{'id': 'a16889291486', 'summary_polyline': '', 'resource_state': 2}",True,False,True,False,everyone,False,,[],[],2.682,0.0,False,False,False,,,,,,False,0,1,False
2,"{'id': 166391941, 'resource_state': 1}",Run with Melissa and Wallace!,5413.2,2569,2690,56.7,Run,Run,0.0,Strava App,16847875430,2025-12-26T19:05:21Z,2025-12-26T11:05:21Z,(GMT-08:00) America/Los_Angeles,-28800.0,,,,0,1,0,2,0,"{'id': 'a16847875430', 'summary_polyline': 'm_peFn{pjV?@CI@Gb@a@HGH@VOLC~@e@LM~@[RC\\@PBFDr@VXNHFVFBDNFTR`@V?Jc@POLYn@Eh@?t@EfA?pBEjBBVG~AD|@GxB@z@AJ?p@BlAATD|AARGHAn@D~@Hj@Bz@NtB@^Lj@?TJb@ThBHTBTd@|AhAvC@LhB|EVbAJPLd@?JPd@VjAJ`A@v@O|BCp@E^I`@?x@Cb@EV?\\KbBHpBJt@Rl@Td@R^RVHXVZhApCFFL\\DVT\\FXAHFR@PNr@DHH`@BE@@?LFTALHd@@jACN?^InAId@MxAKp@O~AAHARGRCj@K^Eh@GRM~@GREv@ITGj@IZAj@KVSz@GFYv@CBo@bBq@z@KXOJEKBQCIGy@?UOm@Kq@Ig@MqAOs@Ii@@@C@Cs@Mk@OoAQy@G_AI[CUoAuFQmAGKQoAK][cBIUAUEGMc@_@qBUu@Gq@EJI@ULC?CECYKc@O_A{@wGKa@_@i@QGIGUEWO_@s@GWIc@Iy@@w@G}Aa@oBKw@So@Go@K]AUKs@SoBMmBCwCDaBDM@]Je@AOH[CYBOAm@BS@g@CcAIe@A]GW@GC?Em@@_@Fc@R_AXi@Xs@NSZ{@j@{BHi@@_@EkAW_CAiB`@kDAM@O?m@Bi@?MEMGs@Uw@S_AW_BQu@CYg@cBGCML', 'resource_state': 2}",False,False,False,False,everyone,False,,"[37.770314, -122.480076]","[37.770938, -122.479392]",2.107,4.06,False,False,False,74.0,21.7,17939659149.0,17939659149,stripped_7A15BCC4-87FC-4D55-BADD-C12B3560ABAE-activity.fit,False,0,2,False
2,"{'id': 166391941, 'resource_state': 1}",Christmas run,9657.7,3572,3635,16.7,Run,Run,0.0,Strava App,16839244409,2025-12-25T19:00:11Z,2025-12-25T11:00:11Z,(GMT-08:00) America/Los_Angeles,-28800.0,,,,6,1,3,1,0,"{'id': 'a16839244409', 'summary_polyline': '_}zdFhy|iV[f@KfBQvA?PJrBEtCFz@RHLPND?PLjA?`AA^K`ASz@Gn@ADMBKAIG@EhACx@JcAEsAoCEOY~Bv@x@@OG@ELQ~@_@hA}@tAu@l@s@^i@F[Ac@ISKQQG[De@Ic@ImAHcAAYKk@QEBYAaAGMGGeAMgAAEGOBwAImASq@BGCUFa@Im@Pk@Ic@Oa@PWVMX?pAMdAJvAYhBBrAOnA@nAJ|@zAlDPn@FHD?LWvAgBTWJGz@n@T^ZJRNrCMTEHSDAf@Hf@AZe@FYFgBGi@HUf@Yb@KDIr@i@LOB@JXHx@P^SFUVWH]Kc@?K^UR?TGp@EbAS|@APHr@JdBPl@P\\Px@?h@Kl@S`@MHo@@g@PsBtBMRKh@EtBKrA@XMf@@rAHx@Vh@XVDXMR_@PCJ@NJd@Tp@j@bAj@`Bf@v@V`AT\\Nj@\\j@Pd@Jb@?RCJMT_Ax@EJq@h@KBGQA[mAcCSg@]k@e@a@UiAS_@IYUa@e@iAGES?a@H_A^]@k@GuA?MEcA{@{@}@@SNe@?y@Ca@BQ@k@KsAAg@ZoB?WMg@Ce@TcBDc@YmAUc@k@o@}@UQAqAV{A[w@FJIt@?t@T^F`@GTKt@?n@R^^b@p@Nl@Dv@SpB@^H^B`@Eh@Sz@G|@Lp@BTGbDMZ@LLZbB`BXJt@BXEbAHp@Qt@YRAJBn@vAf@`ALd@Nz@r@t@lAhCj@|@JARKRAvAmAF_@E]Ma@Yi@_@aAMOa@oAwCwGGa@BU`@WHU?Gg@m@Sq@EcCNg@Aa@DWHkDPi@v@_APMb@e@VQ\\If@CTKR]F[Fi@Ee@Mc@Yk@Ic@CcAE[YeAUYe@Cw@SyCNYCg@Ue@m@[WUKIBaCxCICAYUm@KOcAcCO_AB_@Em@L{@D_@EmAH[PiAEg@EMCm@L_A@gABQNYd@[XCRN`@DR?d@Qj@LLI`@DZG\\Nt@F|@DZAFHNBjAATFR?NDT`@H@CRB^A`@Fz@GfATxBEh@HRJL\\NXFb@@h@I\\Mt@i@l@s@`@u@\\iAFEPiAV@JQ^{AFu@ByAS_CMs@M@EEI?EM@M@}BOsCHe@LeB@s@CWBwECY@IFAVJ@RZ~@Wn@GfAUXCp@', 'resource_state': 2}",False,False,False,False,everyone,False,,"[37.662405, -122.377327]","[37.662563, -122.37766]",2.704,8.7,False,False,False,7.5,1.1,17930856886.0,17930856886,stripped_E8973AC5-312B-4E52-9F4B-8FF84AFAACEB-activity.fit,False,0,1,False
2,"{'id': 166391941, 'resource_state': 1}",Afternoon Run,5040.5,1676,1676,0.0,Run,Run,0.0,,16824760531,2025-12-23T23:00:00Z,2025-12-23T15:00:00Z,(GMT-08:00) America/Los_Angeles,-28800.0,,,,0,1,2,1,0,"{'id': 'a16824760531', 'summary_polyline': '', 'resource_state': 2}",True,False,True,False,everyone,False,,[],[],3.007,0.0,False,False,False,,,,,,False,0,2,False
2,"{'id': 166391941, 'resource_state': 1}",Mostly walk/run with haden,5053.8,3030,3363,2.4,Run,Run,0.0,Strava App,16823416180,2025-12-23T19:32:06Z,2025-12-23T11:32:06Z,(GMT-08:00) America/Los_Angeles,-28800.0,,,,0,2,0,1,0,"{'id': 'a16823416180', 'summary_polyline': 'yjoeFj|vjVLBdAIf@CL@bAK`@?RAj@IFC|AGDCBBh@Ef@IP@XELIH?FGD?`@Gr@Et@Mt@Av@Kh@A`BKdAErCYhAGhAOlBCfBQP?vBOh@CNCrCQp@I`BId@GP@^GzEWb@GFBNGB@ZANEZBVEL?FCF@\\GH@LE~@C^E\\A\\G@AN@NEP?z@IH@NAd@IV@\\IfAAt@InAGlAKhBKFAX?j@GHBHEZA`D[~@E^?VEj@ARGJ@NEDB\\EL?B@PIZ@JA@CV?bAKz@Cp@ML@@CHC@KAGKCg@BEBY?I@M?GBGAKBKA[Dy@@iBPmDN}@JyAFyAPg@?{@HkAD[FU?cHh@qBHmBPyAFeDVM?aAHg@BMB]?uBPo@HiAD{@HyAHU?yALeADw@FODmAFq@HY?wBPu@Bs@HQ?gCPSDqAD{CV[@WDq@BOBsAHQDODIPWPGBY?QLc@?u@L_BHOAe@H{@D}Hh@a@?y@JZEb@AXCP@LCWBc@?OBg@D\\AXGb@@PCDABQFIFC', 'resource_state': 2}",False,False,False,False,everyone,False,,"[37.767018, -122.510934]","[37.767177, -122.51083]",1.668,3.5,False,False,False,9.1,6.7,17914743525.0,17914743525,stripped_903EAAC6-303C-4F81-A11B-15E2ED875C1A-activity.fit,False,0,1,False
2,"{'id': 166391941, 'resource_state': 1}",Afternoon Run,1630.3,634,634,0.0,Run,Run,0.0,,16824773077,2025-12-22T23:00:00Z,2025-12-22T15:00:00Z,(GMT-08:00) America/Los_Angeles,-28800.0,,,,0,0,0,1,0,"{'id': 'a16824773077', 'summary_polyline': '', 'resource_state': 2}",True,False,True,True,only_me,False,,[],[],2.571,0.0,False,False,False,,,,,,False,0,1,False
2,"{'id': 166391941, 'resource_state': 1}",South sf long run,16097.7,5710,5711,23.0,Run,Run,0.0,Strava App,16805694876,2025-12-21T18:09:15Z,2025-12-21T10:09:15Z,(GMT-08:00) America/Los_Angeles,-28800.0,,,,9,1,2,1,0,"{'id': 'a16805694876', 'summary_polyline': 'g}zdFb{|iVWV[nDFXHrA?jEZNDLNCHtABzAG`Ae@jCGDYKWxAi@tAc@r@aAz@cAd@w@D_@Eo@g@?aAS{AFuAIuCMKEQQOg@IqA@cAUy@BwASQFWGSHk@Mm@TaAQa@Dc@\\K^?z@OtAJxASvA?jBSrADrAHh@|ApDRn@JD|A}Bf@a@x@n@V\\p@`@lDSfAVt@~@Jh@DvAz@vBAlA_@~@QFu@@[LwBxBOXKp@?nBGvAQv@LhCFTn@x@CVi@\\H|@`BdEf@t@`@rAXf@j@rAZbA?XKXmAfAY?SLQEkB}D_AcAOcAeAuBQi@MMq@BiAb@iB?k@E[KkBmBI[HQF}@GsD?u@XmBQsBXaB?[UiAq@_Ac@_@{@M}ARoA[uAJs@IwAo@oBs@IeB?yBIaBHsBC{@CoFLaEOkD@o@TeACYKOmECg@ZgAa@}QKyBN[p@V~CKvBDpACr@LnAKdDG|@FbAGv@FpCElBD`ANl@RTvGlA`AX`@^rAAb@XVTvAS^kCTo@AIMEmC[u@W}CiBuAqA]eAIeADiB?_D\\mAoAa@[m@OG_B?YLNbBM`BAtBDhAG~AFxBEhBFz@Nh@LPhCn@jE|@LFXVrA?n@d@VBlAS^mCRg@MSkC[mAc@}CkB_AgAc@_BCaADgFV{AeAWk@u@sBAIOCuAH_DS_Cb@u@~BEzQH\\XXBNAZYhBAdBJJN@l@Sj@Ez@L~@DzAKxBE~ABrAFr@CzAD~@KlA?|@P`H|CnAxA\\~AC|AZlAW`@Bj@Rn@n@V`AHt@SbCNtAC^_@zBRvAA~CQl@J^bB`B`@NnCBhA]`AAZ|@p@jA^|An@n@nBbEPRr@KnAgAN]?YcCkGqCmGGc@@Sd@WHUm@_AK[I}BNo@HyDH}@Ja@fCaCzAYXi@Ds@Eq@i@wASqBKg@]q@_@O{@SoDNw@]Ya@u@i@oCxCOi@eBiEKeBPyAA{ATsA?eAXOAmCFo@LI`BKHUf@Mj@Jt@Q|AZh@AlAHRJpBF^b@LB?xAFn@G`BNtBAd@NXpAZr@G~@c@jAkA|@uBFi@XiAZINMVgBCeDOsA]mB@m@HQMcBJuDKg@CsBDsAEgKDO\\QXDT`@dANpA|@T~@HvH@GOeHM{@wAeA}@QUe@[Gc@REfDDdKC`BIlBJ?DIJaBOwA?{J', 'resource_state': 2}",False,False,False,False,everyone,False,,"[37.662443, -122.37762]","[37.662551, -122.375634]",2.819,3.86,False,False,False,7.5,1.9,17896830272.0,17896830272,stripped_696685AD-F627-4CA5-BBE7-EA83971A7B0E-activity.fit,False,9,1,False
2,"{'id': 166391941, 'resource_state': 1}",Morning Run,3379.6,1110,1110,0.0,Run,Run,0.0,,16824779436,2025-12-19T18:30:00Z,2025-12-19T10:30:00Z,(GMT-08:00) America/Los_Angeles,-28800.0,,,,0,0,0,1,0,"{'id': 'a16824779436', 'summary_polyline': '', 'resource_state': 2}",True,False,True,True,only_me,False,,[],[],3.045,0.0,False,False,False,,,,,,False,0,1,False
2,"{'id': 166391941, 'resource_state': 1}",Morning Run,10061.6,3573,3573,0.0,Run,Run,0.0,,16770524661,2025-12-17T18:50:00Z,2025-12-17T10:50:00Z,(GMT-08:00) America/Los_Angeles,-28800.0,,,,0,0,2,1,0,"{'id': 'a16770524661', 'summary_polyline': '', 'resource_state': 2}",True,False,True,False,everyone,False,,[],[],2.816,0.0,False,False,False,,,,,,False,0,2,False
2,"{'id': 166391941, 'resource_state': 1}",Afternoon run,3379.6,1139,1139,0.0,Run,Run,0.0,,16770539689,2025-12-17T00:30:00Z,2025-12-16T16:30:00Z,(GMT-08:00) America/Los_Angeles,-28800.0,,,,0,0,0,1,0,"{'id': 'a16770539689', 'summary_polyline': '', 'resource_state': 2}",True,False,True,False,everyone,False,,[],[],2.967,0.0,False,False,False,,,,,,False,0,1,False
2,"{'id': 166391941, 'resource_state': 1}",Morning run,4828.0,1800,1800,0.0,Run,Run,0.0,,16753979109,2025-12-15T19:00:00Z,2025-12-15T11:00:00Z,(GMT-08:00) America/Los_Angeles,-28800.0,,,,0,1,1,1,0,"{'id': 'a16753979109', 'summary_polyline': '', 'resource_state': 2}",True,False,True,False,everyone,False,,[],[],2.682,0.0,False,False,False,,,,,,False,0,1,False
2,"{'id': 166391941, 'resource_state': 1}",Lunch Run,7124.0,2445,2657,25.2,Run,Run,0.0,Strava App,16705317356,2025-12-10T16:26:54Z,2025-12-10T11:26:54Z,(GMT-05:00) America/New_York,-18000.0,,,,8,0,0,1,0,"{'id': 'a16705317356', 'summary_polyline': 'ywlaGhp{pLe@{AUqAg@iBOGMYME[k@m@m@GMSUMKS@YQGGAGUKW]c@_@OBFEO@KFK@YL[DYPGHOFKDI?MJEEo@ROHI?UNy@^K@MJo@RIDO@MJM@UJUAMHk@Pi@LO@_@XKVWLI@STEA_@FKJCJG?[LIFIBg@VgANGH@@CC?BC@USOHSFWPY@MJGNOPU@a@PSNa@PaA\\WFS@MJSDONK@IFiA\\SRA[IW[HUNSHIFGCQHKACCKPg@V{Bz@a@TqDvAc@LuCjASDoAj@c@NI@[Pi@R]JyAn@wCbAq@XQDEa@k@aB[kAWkAQiAg@aCoAkEWmAMw@o@yC[}@e@oBSgAQe@SkAm@_CIg@YgAq@wCWcBuAcGGMG?QSAOO]CO?]OKISOs@Hk@AGW_AYeBEKK?KHGAYc@OGG?GAAGNwCLgGFeA@o@D_AD_BHm@BqCFa@@iBJmB?_@D[BqAFo@J{CFQRaCE`ABRZVRJp@jCPZLFNARM\\u@LGHCR@h@Z\\`@HPVPlBh@L?ZHt@R`@Rl@Pd@PDJFn@HRJLn@XFDAd@D\\Cr@Fn@FTJTj@h@d@l@r@pA^zAb@rCFJPt@BRFR@VNj@Vr@Lx@J\\VrAFRHh@Hx@^|BTl@Lh@Tj@T~@?lABVDFJd@ZhC^`BJv@Pr@X~AVj@RNNF`@AXENGD?Vd@Aj@BL?VL~@Ln@Hr@Px@JXDd@\\jBL|@Px@ZnBR|@Fn@BZ@dAHx@EFK?_@NCFDLD?NGb@I@JDBBAJI\\OPEJGTGx@a@`@Gj@SVWVMhAc@HBRXFLA?D@VQf@QJ?r@SH?JMH?b@[b@UHAj@QZAPKLQNI@E?HD?DCBBTMTGTFJ?LId@QJK\\CBCECGBBE?DTUDKJMPKLADCh@QDBDAZ]^?\\ENId@y@PCHEHDj@EFGN?PIVAJId@GHEBENCNGZIDEPCbA[BDHABEHEd@O\\CHk@@A', 'resource_state': 2}",False,False,False,False,everyone,False,,"[42.341253, -71.088843]","[42.343572, -71.086201]",2.914,5.6,False,False,False,11.9,1.5,17795165668.0,17795165668,stripped_6FC54DF3-B09B-4524-934E-B42E0E85C55D-activity.fit,False,0,0,False
2,"{'id': 166391941, 'resource_state': 1}",Evening Run,5021.2,1862,1862,0.0,Run,Run,0.0,,16699724480,2025-12-10T03:17:00Z,2025-12-09T19:17:00Z,(GMT-08:00) America/Los_Angeles,-28800.0,,,,0,1,0,1,0,"{'id': 'a16699724480', 'summary_polyline': '', 'resource_state': 2}",True,False,True,False,everyone,False,,[],[],2.697,0.0,False,False,False,,,,,,False,0,1,False
2,"{'id': 166391941, 'resource_state': 1}",Failed Run,8095.0,3018,3018,0.0,Run,Run,0.0,,16699629880,2025-12-09T00:30:00Z,2025-12-08T16:30:00Z,(GMT-08:00) America/Los_Angeles,-28800.0,,,,0,1,0,1,0,"{'id': 'a16699629880', 'summary_polyline': '', 'resource_state': 2}",True,False,True,False,everyone,False,,[],[],2.682,0.0,False,False,False,,,,,,False,0,1,False
2,"{'id': 166391941, 'resource_state': 1}",Lunch Run,8583.3,2865,2987,17.2,Run,Run,0.0,Strava App,16677536617,2025-12-07T15:56:36Z,2025-12-07T10:56:36Z,(GMT-05:00) America/New_York,-18000.0,,,,8,0,0,1,0,"{'id': 'a16677536617', 'summary_polyline': 'ywlaGpp{pLCa@Qm@Ia@g@{AKk@@MGIUGGEWc@CEG?MWIIC?Yu@k@u@IOIUoA{@ODKGGMEASJi@JOJUDMNOHSFKAMFi@NMHSFQ@QLQFGFODIF_@JeA`@WBQLI@IHI@EASDQJ_@Da@LIBML[Jo@d@I?MFGJ[JSLGLGDODSPMDM@IAm@VOBIDKOE?g@PSJK@IM_@XAFKHM@MLmAn@q@RQHIJe@B_Ah@OBMHI@ITSJU?Me@GMSDMHOPEAQJYTGCQDk@TUNK@a@PYDi@Xm@RgAf@}@XcAb@WHyCjA]Jg@V]JSLi@NSJsDtAo@XaBl@G@GUs@}Bk@gCM}@a@kBgB}GYwAqAgFy@wD[mAe@yB]{Ac@wAc@wBAM@MaAgEu@wCI_ACw@@kGA[Go@E[Uq@MYU]WY_@Uc@OSCm@CMEGEOBe@C_@EOGG?cASa@_@_@e@w@o@iBiB_EsDiEgEi@a@{@{@eA}@W]u@k@a@M[?QDg@Fe@PW?kBuBy@y@A[Dg@l@gBhAiCBI@Qv@oBh@kAHW`@{@H[p@uAd@uAd@_A^_AFERF^d@Vd@\\f@XTPXZ\\d@RTBRN\\LPJH@r@XD?p@ZdBh@h@Xn@r@xApCh@`Ad@p@\\`@^VX\\v@f@b@T\\Jl@Hl@BF@HJHBRDZ@\\H`@Gh@CFCVQRYHIHCR?VHHDv@P`@Pf@Hh@RrAZTLv@N~@\\FFLv@PVXTZHjAt@b@Rf@^j@j@|@bBf@|AJp@JPJn@RlBFNThAJl@J`ABBJd@Jt@DJHl@FLNt@V|AFXD^HTR|@x@fCJPXXFLJz@z@hEPjALn@@JDNPhAXrAFd@Eh@Dt@Af@@LHV`@j@p@tDANQv@Bb@Ll@d@pCNj@L~@ZtA@THnB?R@FD`@m@TEFFLF?FENAVGBB?NDCLOXGFENCbBs@RAPGL?d@a@FCJ?HIZQD@`@SL?ZSBGhAa@f@IFGDJDXFDJCj@Wt@Wx@g@d@QRE@FJA^MFB?DHADAh@i@l@EJB@EHCLIBOLMJEHMZOf@KDBTKZGXM\\SLSf@[JATKVCNKJ?LEH?BCJARK\\GJGH?LKZEBCZABCx@QBCNGr@S`@YJAHIDODAN?TEDEB?', 'resource_state': 2}",False,False,False,False,everyone,False,,"[42.341256, -71.088888]","[42.343222, -71.086051]",2.996,21.036,False,False,False,8.2,1.4,17767006034.0,17767006034,stripped_96015087-6D77-4DB2-BF0E-9DE45311A928-activity.fit,False,1,0,False
2,"{'id': 166391941, 'resource_state': 1}",Evening Run,5005.1,1782,1782,0.0,Run,Run,0.0,,16699624839,2025-12-06T03:40:00Z,2025-12-05T19:40:00Z,(GMT-08:00) America/Los_Angeles,-28800.0,,,,0,1,0,1,0,"{'id': 'a16699624839', 'summary_polyline': '', 'resource_state': 2}",True,False,True,False,everyone,False,,[],[],2.809,0.0,False,False,False,,,,,,False,0,1,False
2,"{'id': 166391941, 'resource_state': 1}",Evening Run,4828.0,1611,1611,0.0,Run,Run,0.0,,16699620263,2025-12-05T03:40:00Z,2025-12-04T19:40:00Z,(GMT-08:00) America/Los_Angeles,-28800.0,,,,0,1,0,1,0,"{'id': 'a16699620263', 'summary_polyline': '', 'resource_state': 2}",True,False,True,False,everyone,False,,[],[],2.997,0.0,False,False,False,,,,,,False,0,1,False
2,"{'id': 166391941, 'resource_state': 1}",Evening Run,9656.1,3600,3600,0.0,Run,Run,0.0,,16699615258,2025-12-03T03:40:00Z,2025-12-02T19:40:00Z,(GMT-08:00) America/Los_Angeles,-28800.0,,,,0,1,0,1,0,"{'id': 'a16699615258', 'summary_polyline': '', 'resource_state': 2}",False,False,True,False,everyone,False,,[],[],2.682,0.0,False,False,False,,,,,,False,0,1,False
2,"{'id': 166391941, 'resource_state': 1}",Evening Run,8609.6,2973,3031,17.1,Run,Run,0.0,Strava App,16623721784,2025-12-01T23:17:23Z,2025-12-01T18:17:23Z,(GMT-05:00) America/New_York,-18000.0,,,,9,0,0,2,0,"{'id': 'a16623721784', 'summary_polyline': '{wlaGjp{pLI?DIEi@We@Oc@?OSi@Mw@K]]a@EIOKc@q@m@i@C]Y[i@a@q@WGAECW]G?GDQ@KDgAR_Ab@YFODU?EFYJIJKDCAOJw@Vi@V[HM?q@Xi@N]NYFQ?UT]RKASNAD_A\\I@ESIEEOA?@@?CG?KFGJ[JOJi@RMHENKAADEKQAEDERIHCLQREAe@Lm@HMKSBq@^[Hu@Zy@b@aATc@Vi@NSNSDg@Xg@RCDm@LkAf@UNw@TyBbAyAh@{@`@kBl@c@Ta@LgAf@qAb@MHc@Lc@Re@LkBx@uAb@[NO@Ea@g@wA[{AMa@QiAOk@CSIWQeA}@wCCWK]Ke@K[SmAWiASs@E[Wu@Sy@YkASgAK]g@sBC[K_@Kq@s@mCOe@Q}@MaAm@oC_AuDEq@EmB@mEAk@I{@Qo@Qa@MOMWOO]W_@OoAQQBw@I}Ba@_@c@wAoAi@m@{AqAcBeBy@o@m@q@WQaAcAUQSUSOcAcA[Uu@s@e@i@k@e@SUe@OWAaAHs@TIAIEiAiAc@s@WUOSCIBgA^y@Lc@^u@T{@Pg@|AmDFWf@mAJOZy@HKX_Ax@yBf@_AHGLDP\\f@j@T^|@dAb@^XL`@LpAh@\\HVNd@LRLTJ|@Xv@d@p@~@`@z@Zd@p@pAr@fA`@^lBrATJr@NdALFNH@p@Bb@F\\Cx@CFCh@w@FCd@Dn@NzAf@~Bl@`Bj@f@JNHFPRfAz@^FN?h@BZCl@D`@Ld@T\\PLRRh@r@HTZf@Z~@xAxI\\x@Lr@`@jBd@zCn@nDPl@Zl@FVDxAHp@Z~AFh@R~@\\xBJ`@Lt@Nf@Th@JLVNf@?b@MF?Vd@Ad@DNDJXVJRXxAFl@Nt@Sn@AP@RP`ALb@@VHh@JVD^XdBPr@Hn@?d@BJBbADj@ABQB]NAJDHLGH@`@KDNDANMf@UbA_@JCZO`@KBBT`@F?JEBENCRORKPCl@YP?^W\\IHKF@NKZGHG^G|@e@f@KZQTSd@WPUDJRN`@OFHN@JAb@]NB\\WBG?MJGLWhA]T?JMJEHMH?XKPSb@QHKL@RSd@@HDF?POP?`@KPOFKRMLUHETWLEXY@GFLHEDDNERB^QDEp@MZM@APNFMNI', 'resource_state': 2}",False,False,False,False,everyone,False,,"[42.341262, -71.08886]","[42.343446, -71.086098]",2.896,5.32,False,False,False,8.1,1.5,17712338429.0,17712338429,stripped_C9267946-903E-47FC-9D8C-BB5061701B87-activity.fit,False,1,1,False
2,"{'id': 166391941, 'resource_state': 1}",Afternoon Run,16397.9,6603,6851,57.9,Run,Run,0.0,Strava App,16586264058,2025-11-27T19:12:22Z,2025-11-27T14:12:22Z,(GMT-05:00) America/New_York,-18000.0,,,,10,1,1,2,0,"{'id': 'a16586264058', 'summary_polyline': 'uinaGzqcqLqAh@MJQ^w@n@MEa@{CX_EKgA?aCFWKMIeBu@{Cw@qBw@aBoCaEKg@?mA^mFBcAvAkSt@_Nx@_Nv@}KVqBFuAAmAVoEFc@DBECBw@\\wHNy@A]Hg@Ao@PuAHqBTcC?kAL_@b@Yd@k@Mu@Q[Mm@@UYSAOVs@?i@Nu@VwDFMH{@@oC~@{LDs@CoAPWLw@JESeG?gCGm@D{DEoF`@CNYbBk@hBOx@TVOl@ULVn@ZtF`HVPbGdAtB[XNz@FZPnApAh@hAbB~IbDpEb@lBJ`BILAV]nABPUR}@|AcAjAaBfBeE`EgAfBwBfCS\\Gp@Xn@_@t@OD][[GYAGJHtA^pAt@lBp@lArBvCj@bBbB~DxAbBt@fBf@t@|@hAfA~@nAt@v@FN\\\\L|C`@rCf@pFpB|@MbAy@r@Yr@Cx@StBHlBvBF@X_@NPN?b@h@~AxA~@RjB`AtA|AbANvAKFFLh@x@b@nA@nATlCjA~ExCv@XnAThDPd@Z@`@^Xl@^nA^b@\\l@DdAKhAXpCBl@Vb@h@Lh@`@hEZnBjApBZb@RAn@^hD?`@IBPj@P\\ZBVUt@Ep@Fz@Pp@nAtAx@tApAx@dCdFV^rBpA^?zAc@`BWpDuA|@BhBg@lAD`BXTATUZk@Do@KeALe@t@wAJ_Bx@eCLi@?YOwAYo@uDaFaAkB]gA}@o@g@QgAIyFC}Cu@g@DwCvBo@LqAMeBgAy@Y_BH}Cd@m@@k@K_@Qo@}@w@{Cu@yAeAw@YGkAOOUa@Wo@s@u@mBi@_A_@SkCW}DaByAqAkBw@oBQgAF_AVuDjC[X{@nAaA^Q`@UL}@q@GYQQqAPm@Iq@]kAuA_By@u@OsCiCmAqASe@wAgAy@aAc@[g@q@G@@DkA`@cBlAoAn@IXSJcAIyAm@{@QeDQkAWmACk@Ma@]aAgAm@iAgA{Da@y@SU[w@Ou@YwB_@a@gAu@iBwBgBaEiAiB`@gA\\Jh@O|BuD@IkAmA\\o@zKkLdAoBAMh@}BM_Bi@qBqBiCk@aAqAmHW}@g@aAoAkAsASYKgB^kCC_B[cBk@k@e@wCeDYs@QeBa@E}@f@g@UmAA_Cn@YLAPGFa@BEFHrAAfBNdDCv@FtAEnBFjDCF_AJ[fAMlAWdFg@bH', 'resource_state': 2}",False,False,False,False,everyone,False,,"[42.349234, -71.130054]","[42.349496, -71.100349]",2.483,5.18,False,False,False,27.1,2.4,17674184256.0,17674184256,stripped_63F0F463-F6E1-4F88-9030-8DDF84DA31AE-activity.fit,False,3,2,False
2,"{'id': 166391941, 'resource_state': 1}",Lunch Run,7035.8,2353,2516,25.2,Run,Run,0.0,Strava App,16564208027,2025-11-25T17:11:04Z,2025-11-25T12:11:04Z,(GMT-05:00) America/New_York,-18000.0,,,,14,1,0,1,0,"{'id': 'a16564208027', 'summary_polyline': 'ywlaGnp{pLECQg@Es@Wu@Ko@Ok@EAYg@GCW[K]OUY]QY]YcAg@{AwAO?ULWJSBcAh@K?CDMFWBc@Xc@RQB[NI@EBk@PQNMAGF[BIDs@RKDoA\\a@PSRM@GF[NGFi@TIJg@ZKJUDCDUHOBUFI@EA_@ZG@IE[HYJQB_@Jm@\\k@NMHEFCAB?a@Pu@PGHk@JULKJIBWRa@PKHS@WHECIa@GQ@DCAQDMFINI@m@Z_Bf@w@^M@QHq@VOJo@T}Ap@e@JyAn@mGbCWNc@Jc@R]LWNUDiDrAMBEAAWg@aBk@aC[kBMe@_@eBKUOu@y@sC[{AASa@aBKUw@oDGOKk@YcAcAsEO{@Og@Om@GQe@}B?UEW[cAAO_AeEKMOCIOC[Oc@Yo@A[Mc@F}@ISk@qCGGONG@GQSUOIOACEDQ@]@e@AIFSBU?u@NwFL_CJwDJcCBkBNaDNuFHyALw@LyA?hA@FNTFDLBJLf@xBL^DDFDZ@RQH]PYNET?HBb@V`@h@FRLL|@NlA`@j@JbCx@JDBFFf@Pf@d@VPDd@R`BjAx@r@V^d@|@Xr@Rp@L`AP\\Fz@FVBRPl@X~ABVTbAD`@Jb@Hr@Nx@J^PrALh@BZNv@lAhDj@x@Hp@\\bBn@nDBXf@jCJp@Lp@BXCf@FhACTBZAd@Ff@Ld@NlAFNAFPj@TzAFP?Nh@hCRvA^nBPpDAJGHE?]REFDFJ?l@YBD@LD?RQn@UnAo@ZGvBcAVIVMl@Op@[XIf@WH@Fb@LJ?C?BTOLCd@QJCTOFCVAROXGj@YHI\\@^KTCj@Wd@M`@k@NGRCPKPELOF?BCd@QTEHGPCXQNCTMVENILARKL@VMNCPMNE^CRQNIZGh@SNAx@]DCNIVGXONAPO', 'resource_state': 2}",False,False,False,False,everyone,False,,"[42.341258, -71.088878]","[42.343472, -71.086123]",2.99,12.983,False,False,False,11.9,1.4,17651779503.0,17651779503,stripped_FA91505E-63D4-4EE4-9E7F-4E3E8F1686C8-activity.fit,False,6,0,False
2,"{'id': 166391941, 'resource_state': 1}",Evening Run,11082.8,3912,4203,32.9,Run,Run,0.0,Strava App,16538271909,2025-11-22T22:35:06Z,2025-11-22T17:35:06Z,(GMT-05:00) America/New_York,-18000.0,,,,4,0,0,2,0,"{'id': 'a16538271909', 'summary_polyline': 'shnaGfqcqLALw@v@MFm@l@AFMN_At@GCG@ABE@@FEBM@g@R[I]Fm@Vm@Hi@XED]Ng@Hg@RSAQH[BKFIAUNYA_@HGGg@t@O\\GNA^Ih@Ah@Id@@VKt@C`BEP?\\IrAGTBL?JEL?NMjACtBGbA?r@EZB`@EFOl@F^AnAQvAG`BCVIZC@MAUQWGIG_AWK?OGOAu@[S?SII@]KU?o@Ee@Bc@AmB[oA[sAc@_FuBSKISUOMM{Ag@YQyBk@UKg@a@w@Ie@QUOQESMm@Ke@Ss@MeDiAOAa@OOXAHAjAF`@FhAHn@N`C?n@BX@bADR?t@NrBPdBB`@PrBH\\@`@LrAHh@DLBb@Hd@HfANfAZzDRv@B\\Cb@PfBJZBRHVJj@Fr@?VGRDZAT@ZE`@Az@E\\AZBZYlFGb@M`@]RYEi@]m@aAoAiAaAeAc@_@aCcCoC}De@_Aa@wAO{@MgAEqABq@L{Af@eDLcAFU\\}CHw@AWBOCa@GWSi@a@q@_@{@uA}Ao@kAiBmBa@q@sAiB}@aBSi@Sq@[s@o@gAkAmAGK_@]KE[Ym@]{@]eBU}@YUWSa@Oa@e@gBQ]OEGDaBfA]b@UDGRBnAR^AHWRa@LYEq@]cAeA}AgAWYi@q@Q_@cAoA_@w@Yu@]eBCu@Ky@IoAA}A@eAH{APuAX}Ar@yBv@gBh@{@r@}A^m@nAiB`CsC~AoA~BsAZWDOTWRQD?f@q@^k@J]PYVaAFCAEHk@JwBAiAYyGFeDHuAZuBH[Vs@l@eAx@cAd@]rCsAtBq@pBc@h@GvAExA@pDRd@At@NfABhCE`B@bBCfBKb@?DBRIvASfAElIo@tBUrCo@hA_@`Ag@r@o@zBoCv@}A~AmB|BkFZ_@dAy@h@q@x@wAVUHA|Fb@PAtCRRPpALNRt@FJFJLAr@Bf@KjA?n@Of@KNYpECn@UbB?ZEb@GpCEj@K`@IpACbAERCt@Gj@?TCJCb@?RCRE~@B^I`ACj@ObAGfAM`A?dAEbAIf@Cv@Eh@GDBAELAl@GdAMlAI`DOnAAr@EREp@BXLb@T`@h@j@L`@RVvAbCPf@RZj@zAXhANnADJ@p@Hb@CjAEb@@hAAv@D|@Gb@?^KVBRCHDFR|AHJTr@JT', 'resource_state': 2}",False,False,False,False,everyone,False,,"[42.349069, -71.129959]","[42.350046, -71.130902]",2.833,4.08,False,False,False,15.3,2.3,17625437073.0,17625437073,stripped_0A90A70A-5646-4A26-92C6-34A74246C60D-activity.fit,False,2,1,False
2,"{'id': 166391941, 'resource_state': 1}",Evening run,7818.1,2797,3062,23.1,Run,Run,0.0,Strava App,16520623443,2025-11-21T01:52:46Z,2025-11-20T20:52:46Z,(GMT-05:00) America/New_York,-18000.0,,,,2,0,0,2,0,"{'id': 'a16520623443', 'summary_polyline': 'yhnaGzqcqLQTYNQP[b@m@j@w@j@I@[NGJ[TI@QA}@Zi@\\q@ZOBED]HO@SFUBIDYBUH}@POH]DEBI@OFGJ@GYUQESAUJQ@IAa@FQ?a@FcB`@e@Hk@RWDYJQASDWPO@ICAG@Ea@BOMq@wBG@SLyB]G@ObCIv@CB[HUBSEm@BWBICY?WDq@@i@Fa@Ec@Ja@@m@N]BSIk@CQK]KMUKGWWe@]OW_@_@IWKO]YKGOSEAoBmBs@cAk@q@GKUM_@Eo@QOa@KIMSKGi@g@MQEMW[GEMUMGIQWYKMEQa@q@UWe@s@I_@g@i@S[O_@cAmA]m@a@g@mAmBc@c@S]OMMQaAaA]Y{@eAg@a@[]g@_@]g@gAiAa@[GKo@c@GGCK?Gp@mCNyAJyB?gDJwGLmAJa@Ti@X[PMHOl@e@`Ai@JAVIx@MxAKzBE|@Dt@?VDnBEH@DFLCt@@`AGj@A`@EfBIfAMx@EZEb@CZGJ?\\MA@@CGAVEJ?PFJAvBKd@If@A|@@jALbA^v@Tp@VlCv@pB^^@hANb@@nAGtBa@`@Oh@WbAs@v@{@Xe@z@kBZ}@t@wAT]r@iBjAcCd@kA\\gATiALq@LuAHsDO{AOm@D]CSBe@F[FAJHN?LYBc@IuA?{AD_@TgAFw@@kACi@HcARiBDs@AaAd@HL?PF|@J^NFBBFBXEZ@\\Cl@EL?`@ET?p@D~@FJD^JTDZI`BBl@BC?HAj@Ot@Ab@MxAA~AKnACx@KvACJG`A?LMfBAp@CXMr@Bb@CR@n@Gn@@LIJEl@Or@Iv@Fd@C\\O~@KbCWz@ALF`@?d@K~@Kb@Gh@FR@\\Cr@OhA@PObCCfAGf@Al@IhACF?NBD@NCBl@BTLDJK~A?~@CLQvAGX@LAz@MdBAfAFXLZn@z@Xf@FVTXT\\|@`BBNj@nAZx@H\\FHFPDb@Nt@?XJ~@E`@?r@CJA~AB^Af@GhA@REHCJ?fA@RLbAPPBF', 'resource_state': 2}",False,False,False,False,everyone,False,,"[42.349091, -71.130058]","[42.350159, -71.130698]",2.795,3.86,False,False,False,14.9,1.5,17607556958.0,17607556958,stripped_0D5C94D6-0158-4E26-9F16-5E14E8F11B51-activity.fit,False,0,1,False
2,"{'id': 166391941, 'resource_state': 1}",Freak,12615.1,4351,4567,29.9,Run,Run,0.0,Strava App,16501139993,2025-11-19T01:30:13Z,2025-11-18T20:30:13Z,(GMT-05:00) America/New_York,-18000.0,,,,30,1,1,1,0,"{'id': 'a16501139993', 'summary_polyline': 'exlaGrp{pLE[BUQQGYGI?OEEAMGK?GKMIa@EME]_@[EMYUEMaAkBIEISOECKa@i@q@SUQMSYPe@?WPK@YJcAb@O@qAf@K@c@Zm@RMJ[BOHc@H[HQPK?cAP_An@q@N{@d@EYQYW?MJIPSHUPSBk@f@WIKJAHCDaAP_@P]CCFc@PYRUDo@\\SFOAe@NCDKAKN{@d@]?q@VSTe@Tq@VQ@YRw@^qAb@}H`D{DvAkKdEcAZC[_@{@W{@Mu@a@cB_@yBgA_EOe@WkAOk@My@m@qC_AiDa@kBq@sCEUGUWyAk@mBqA}Go@sCQg@KqACq@?aHIw@_@qAa@m@m@g@m@Ue@AU_@QLENwAS}AWu@}@}@s@m@u@qAeA_BcBQImDiDkAcA[a@mCcCcAgAWMe@KuAJc@P[AsAwAS_@q@s@EW?k@\\_AJMd@eA\\eA^mAz@mBNi@h@eAVs@h@eATu@`@eAV[J_@NUBUFGN?HNdAtAb@d@LRr@p@bG~BxAf@b@Xd@j@xB`ENNb@t@l@l@vAfA|@`@rAJTDBHJBb@@f@J~AIZYP[\\EzK~C^TPv@NXb@NpBnAND|@p@bAzAXr@ZdAP|@DFDPVlBTfAFr@HRBXR|@B\\p@`DJfAp@dDPp@v@tBj@x@ThBTbAxAjIT~@BTAfABdBFR\\`@HP\\~BPr@ALOh@?Zr@fEPv@LdAVlAJnBF\\?^F`ACVPlA\\dGPrAr@fDRv@Zl@J^Fr@Nb@Jf@Fl@XvADj@E`A?r@KxBArAO|DAdAMfEA`AGn@GnCCX?`AGnAAnAItAIzDIjBIfEEV@`BEz@CJG~@E`CAShCb@d@PDFMzA@r@Cf@EH@j@JNFVDB@n@FTHJDHEdAGb@EpBGRO~BELORWFyDSeCUgACyBWQ_@?a@`@_ELo@?yBDy@FmBIaJGm@GiCK{A[gCWsAwAoG_BqGUeBKuACCSsCOy@o@mCIu@WoAYgAQa@Qw@Y}@a@wBkC_L_@aC~Ak@zB_AtMaFvAo@tFuB`@MPKlAa@VC`@ILQJG~@SJSJEp@IPQnAe@ZQBEb@EzAs@z@U`@URSDHBABDl@WPLABHEEK@ODEd@Qh@DPg@XOdBm@PAXSJA\\QZUP@n@]dA[ZETMFI^ARQx@UVOPAFKZG^Ul@QRUl@MRKNB', 'resource_state': 2}",False,False,False,False,everyone,False,,"[42.341311, -71.0889]","[42.343286, -71.086034]",2.899,5.52,False,False,False,12.6,1.4,17587889103.0,17587889103,stripped_9EE30B8B-060C-4886-98AF-01D1203FAAA1-activity.fit,False,21,1,False
2,"{'id': 166391941, 'resource_state': 1}",Evening run,7208.1,2461,2547,26.8,Run,Run,0.0,Strava App,16490815948,2025-11-18T02:24:22Z,2025-11-17T21:24:22Z,(GMT-05:00) America/New_York,-18000.0,,,,14,0,0,2,0,"{'id': 'a16490815948', 'summary_polyline': 'ehnaGvqcqLMAYTHC[RMN[Ts@z@MHMLWJG@MMOIWBYHg@d@KDSBIHO@INKBKFK@m@^c@HOHYHa@DUHO@a@LK?WFID{@RKKG?QFKH[FSNU?o@HQ?q@HULUBQFSBMF[@IHu@Tm@D]LW@GG?GKCSDQGEUc@wAEIQLQ@uBY?ZGTIt@Cd@Gn@C@[HO?y@@o@CQJq@F]?g@F[AU@IBq@@]LUCUDQK[@_A]a@U_AmAGMY[S_@{@{@_@W}@gAq@k@KS[]c@o@KIUII?{@Um@cAQGUS_@g@CKYYO]QIEIOYOQIW_@]k@w@Q]Si@]_@KYY_@GOu@y@iC{DsAeB_B}A_@c@YYa@c@SO_@e@YQwAyAm@i@[_@k@c@MOc@U{@w@OGc@]QU[Sk@m@AUDwA@aBOuCAEEkA@{@As@BuALiBXmBR{@b@w@`@m@l@k@RSx@e@nBy@vC{@~@QNGjBK|@?zBLf@?rAFHAt@LrABn@An@BVCv@@f@CzA?rAEr@Gd@AHETAXI`AKh@?j@C`CWV?DC|CSREhAKzBc@l@SVMXGTKb@[r@]DIXc@n@o@bAwAP]LQPa@hAwAHE~@sBVu@j@iA^g@PK|@{@pAoBTWFCbBH`Hf@f@BF@LLFBhAJBFFF?Hi@lHIbB[hD@TEp@BZCDEl@CLEDA\\Mn@G~@@r@OtAMvBGVQR?XLn@Cr@Ab@Oh@KLALHTB?DF@b@IbAK`@CXOxB?h@OtAEx@@^GRAZ@JLTLDTDBAFHFPBZ[lFGdBIh@MfBHn@Rb@d@h@^z@XZHTfAfBfAlCNd@Nz@FLLjAFjACVAhCC\\@rBIhA@j@Bn@ZvA', 'resource_state': 2}",False,False,False,False,everyone,False,,"[42.348992, -71.130032]","[42.350178, -71.130682]",2.929,4.14,False,False,False,14.9,2.9,17577510424.0,17577510424,stripped_69A7F9DC-D1FC-4157-89E7-19A80085D30B-activity.fit,False,7,1,False
2,"{'id': 166391941, 'resource_state': 1}",Evening run,8573.6,2913,3105,18.0,Run,Run,0.0,Strava App,16451807112,2025-11-14T01:36:17Z,2025-11-13T20:36:17Z,(GMT-05:00) America/New_York,-18000.0,,,,12,0,1,1,0,"{'id': 'a16451807112', 'summary_polyline': 'exlaGbp{pL?F@KEa@Mg@Eg@Mk@IKEQk@cAUY@GEGc@a@O[k@u@AKECKW[a@GAC@][UCQMQIMS_@Be@PUDI?k@JQV_@VQFS@w@`@YHWLwAf@YDo@ZK?WNMBQHi@Ly@b@gAZe@\\OFIJ[R]DGFCHOJi@NYBUJQ@GDm@NWBi@VCD@AG?QHOB}@`@WFQFQBQLMBcBt@QNQJgBj@k@FGDMFEHGB]Ju@XC?s@XULKB{An@M@uCnA_Cx@{@b@eBh@wAn@I@SFy@`@SDeEbB@A?D_@eBSe@E[Wm@O_ASw@E[o@{CYkAw@gCaA}EoAwEAKu@iDe@gBMy@Qm@[{Ae@iBMo@AYEY[kAg@aCk@yBGs@CaABwDAoBIo@[eAe@u@g@e@WO_@Kk@ESKKBICY@g@E[IUAKEa@GOGm@o@o@g@gAiAoAeAKOOKe@i@OKIOOIi@i@yBmBc@e@OKY][YQSqBgBa@e@EA{@y@i@SM@QC_ANe@LWC{@w@_AyA_@YC]Bk@L_@Zo@HINe@DGNm@DI@KX}@Ta@bAoC~@oBXw@Vc@f@{At@sAPm@J?LJXd@XTJTVRt@bA`@`@hA^TNrAb@JHTF`@RJ@vAb@d@\\l@v@L\\\\h@Zn@bAhBTZj@f@h@\\XZp@b@lAXZBNEF@l@Zb@?FD^Bd@GF@XCZWHONONCVBd@L\\F^Np@PVDh@TPD`@NL@ZLJ@NHr@PDFRFLHPt@R`@JFTHNFBHB|@AX@n@@JPj@Vb@JBx@fA^r@b@rA^pBLf@l@tD`@jAHf@Tv@ZdBVpBR~@TjBN^d@~@Hj@Cj@D\\|@fFNn@J|@l@vCVl@\\Pd@Bl@OLNHVHx@h@p@p@xDMZIZ?THd@Pl@H|@Rl@Hz@\\hBNj@Dl@JzCUBWNCHDJRGL?VK@JF@BEdAc@bBm@\\GBG@TJRD@PAh@_@pA]JIF?ZUp@Q`@[L@^IROh@UFGd@ORCPKNANM\\QHAB@ABCCDIBDNAVMNPDA^w@TEPAZB@DDGRGCE@GJK~@]VMH@DA\\]JCJ?DEBIRCFCBGZMRARKTGJGD@FCNMJ?VKBGh@SDWFDF?ROXCBEXKTDJCLEDIDBVBPGRIHAHGNGLQXWNG@BHATKRA', 'resource_state': 2}",False,False,False,False,everyone,False,,"[42.341319, -71.088819]","[42.343253, -71.086036]",2.943,6.946,False,False,False,8.2,1.5,17538134461.0,17538134461,stripped_F2D51E4F-8D12-4BA5-8F64-6FCD6C5EAC4A-activity.fit,False,7,1,False
2,"{'id': 166391941, 'resource_state': 1}",Evening run,12755.7,4593,4683,30.2,Run,Run,0.0,Strava App,16430806645,2025-11-11T23:27:40Z,2025-11-11T18:27:40Z,(GMT-05:00) America/New_York,-18000.0,,,,15,1,1,1,0,"{'id': 'a16430806645', 'summary_polyline': 'ixlaGzo{pLCLM?@y@Ee@a@sAA[K]Qg@g@e@IOMKi@aA_@_@IOWSCKUMMOYGKMUKKQICMRDK_@?UR]Fo@XoA`@[FIJg@ZQBIHQ@q@ZeANc@VgAVa@C]B[RIRSTg@TIJWFMJIVMBKLSDQPw@Tm@FONSUc@Fm@\\UBUZuAr@u@LsAl@GQOQ@GO@eAd@[R{@VqAr@S?q@\\cC|@oD~AcDjAgAf@iCbAgCx@kAj@oDnAoAqEkA_GaAkDwAuGo@aCu@_DOw@[cAIo@g@}BsAsFYmB}AoGI_ACaABqGS}Ae@gAg@q@}@a@q@Kg@OIJaAIqBe@W[e@]cGuF_@e@}@u@mFeFGMu@k@eAaAKUy@o@e@UW?_ADk@XO?QGsA{AKQq@w@G_@@a@DQVs@DCLc@HKx@cCp@eBdF}LJe@^i@HAFBHPbArAlAvAZTtCdAbAf@zBt@ZRZVV^nA~B`BhCtBhBp@\\j@Lp@DTHFCVNNB^@j@HrAKTWHQNMVAnBj@~@PjF`BZPDHBZN^LNf@TLLBfACHBVAXBXL`@dBpB`@v@Xr@Nt@Ht@d@jCLb@N`A^fANbAL`@`@vBDn@h@lCFn@XfAZn@Nd@BXCj@?Tb@pBPnA\\`BBd@Rr@\\nBZt@XPv@D`@OHRLF@LAb@FT^\\X~@Db@FPNnASp@C^ZxA?LLz@Rp@Jx@l@fCFpCFpADBHf@?h@NdA?^NvDtAfHn@xA@t@NZLd@JbAVdAFf@C`BEZ@RGZKfD?fAMhDCpBI`AAnAIv@@`AEr@@f@CHAhACX?n@I~CGrBEb@@h@SzEC|BMbC@NC|AInA@XEND[R?x@Xv@Nf@@NR@\\Mz@At@BNEXEB@VGXDB@F?\\NH@ZTh@BZMv@@JM`B@\\Gn@IzAEVMTa@JyDSi@EGEeAKcDOg@KMYAKBm@l@sF?qCJmACWBwBEeDOmF]eEKy@q@cDk@iCcB_HQ}@WqBa@uEc@cC[gACc@SgAWmAc@gAoEkRa@iCNB~HeDpFqBxL{E~Ak@RCTOzAe@n@[BIT?LKf@Ip@i@VIDBLER@PS`@EtBcAj@[NQ\\MDJTDXMTT@]LOJCb@JTQN?DENg@f@GJMD?^QNCX[\\Or@k@PEj@WR@|BU^c@LBNSb@Q`@I', 'resource_state': 2}",False,False,False,False,everyone,False,,"[42.341338, -71.088774]","[42.344425, -71.086584]",2.777,4.76,False,False,False,12.6,1.5,17517010025.0,17517010025,stripped_6FAAF61F-6C51-4CB0-819B-CB6E3095D97B-activity.fit,False,7,1,False
2,"{'id': 166391941, 'resource_state': 1}",Evening run,7257.7,2518,2648,24.8,Run,Run,0.0,Strava App,16420056436,2025-11-11T01:42:48Z,2025-11-10T20:42:48Z,(GMT-05:00) America/New_York,-18000.0,,,,14,1,0,2,0,"{'id': 'a16420056436', 'summary_polyline': 'whnaGdrcqLIHQFMLW`@[XORCJs@d@e@PGHAA_@\\WHOEQFSBWPQFSTO@OJ[JQDO@c@NQ@KDCDi@JQAQHUDCDG?CBQ@SLi@DON[SOIMAQ@MJOAc@Ja@BIDK@a@LW?SDUJ]@EBI?QHy@Ra@HM?MH_@DKKCG?J@EABWFKAGKm@}BIBAHEBI?QGiBYC@?PMpAEz@CDAVEFYHEAUDU@WAuALKAQBOA_@Bg@?kAHUAOBGDECk@D[AKEYEs@Yo@k@KWG?GECI[[Ya@]_@KYQMCK}@aAIOMKKSOI[i@[WQAy@aAKCe@C{@Uq@c@GMC_@Ma@OQISGEM]GAOMEIGG_@i@GOi@o@Yi@Y_@Oe@a@]Yk@s@}@U_@OOi@_AOQcBcCSS[c@e@g@MIMQUQm@s@g@a@QWm@e@]a@c@_@Y]uAmAQYg@]@CWWMIYIsBgBWOGOk@g@A_@BMFoAAeAGo@?k@OiC?yCBM?i@HmAb@}CPi@t@{A^c@Z[dAo@b@SRM`Bm@b@K`@Q`@IJEPALGrASv@Ej@?LCXDtABBBb@BFAPBr@@JBXCT@JDx@HPClABx@GL@NAHB`@?NDNC\\@n@Cz@APCV?JC^?HET?h@GXG\\A`AOZ?|BOJ?\\Gj@AVEh@AjAOR?`@OtAOpBa@PIZI\\ULEXOn@e@fAaANQBKLKRWHQFE~@eBxAiBj@gARi@`@}@Pg@HI@Gp@w@HCBE`@[j@s@v@yATSrALZ@HDNCt@JNAJBNALD^@PBV@RDH?v@HT?J@DHHFb@BHBN@FCD@JJFVGJMhBMvB@RCz@KjBKb@AZSbB?n@Ep@?ZG`@?VKl@Ev@@RGZ@JE\\En@@FGZ?j@EP@FIzA@XIhBKb@ChAIv@GfAGh@?j@ELGn@EX@d@Ip@GvAGz@@XDFJDJ@BCB?FFPDFD@HIR@VCL@FC`AGT?r@Gj@?VCFBNE`@?\\Mh@Cx@M`A?ZDPRXHXD@VXL\\NDJZFBVd@DB\\h@P`@HFN`@^t@Pj@JVBNBDJb@@RJ\\Jl@Dh@CFL`@Dp@GN@NAHCt@@RGNHh@?\\E~@CL?r@EV?h@HlATx@@JDF?C?B', 'resource_state': 2}",False,False,False,False,everyone,False,,"[42.349088, -71.130107]","[42.350128, -71.130769]",2.882,3.84,False,False,False,14.9,2.9,17506185728.0,17506185728,stripped_3ED3B635-5335-468C-8785-85C66613F582-activity.fit,False,5,1,False
2,"{'id': 166391941, 'resource_state': 1}",Evening run,14832.6,5727,6091,134.2,Run,Run,0.0,Strava App,16399129893,2025-11-08T22:43:16Z,2025-11-08T17:43:16Z,(GMT-05:00) America/New_York,-18000.0,,,,5,1,0,2,0,"{'id': 'a16399129893', 'summary_polyline': 'whnaGvqcqLBI^MhA{@j@Sl@ObAs@l@U|CeBh@g@RGdBqApA_B^g@z@kBfAkCRu@R]bAmCLe@jB_Ej@oAJe@LM`@aAPWhAaCh@y@FCHH`A`FDv@J^LlAPx@LfA@RCTXv@Ln@B^Lh@HNDdA\\bAZ|B|@`DB^HJR|@Df@JLp@jEJxBb@`GBhACrIDTC\\DLGb@JvBT~AJZN`AALGBd@zAj@`DXrBf@lCTnBr@rEH~@|@pF^bDFN\\xDNl@RfCTfAJfAJ^N~ABj@FZDNd@|DJd@@ZPv@?j@r@~EJVBh@p@rDJt@LpAA^GFDAA`@Pz@HrDH|@n@zBd@r@~@v@dJzCl@XdAp@fAtA^p@`@jAl@pAf@|ABxBCn@SbA_AbB}B`Co@~@eBjEs@nB[bBW~BBbACn@Fd@b@vJCh@h@~GFhCLvAD`A?PCo@CGs@L?DMCKn@BHD?CAA]LSt@SJ@BFDbAEDHj@XrGV`CNfDJbA?fARlCE`@Pp@Ad@Nn@\\|G`@jCl@|BNZJf@An@Ht@Cv@SbBy@~CEvAPnB?h@TtAB`AP|AHdBNr@d@hFDfBJp@^fIVdCxAfQz@jIJb@^dFGfBMT]zAWvAq@hCI|@oCm@o@Ye@[kAmAu@i@q@YeMIaAOIOGm@Om@KwCDsACU@qGCiABq@EKE_GE_@MkFQqCGSFEAe@M_@Is@KqDFuDDi@Aa@JyCLcA@aAHa@DoALaAAc@XuDHyBCWHIFc@Mk@Es@S{Aa@sAiCoGMs@GaAIYAoAHqBZ_DBgAGyBQcAe@q@y@uAi@e@aCmCiAoBg@uA_@sAaA{Ek@wEOcCGOFUIUGy@AiCMkBCgELmH@aEJkE`@wF^uCb@_CRk@BYt@sCzB{FLk@r@{BPgAJaBH]lC{CvBsCl@aAx@e@VYJUCC@??}@Fs@aAaHWsAQkBo@eEg@wDG{@k@qDOsBQ_AEy@Oe@Es@SkBQgAEgAM_@SqAOwA_@}BKqAk@yCKgAKQCc@OiAYuACo@O}@}@yFKYIi@CeAEGB??EY{@E[Eu@EWEiCBg@A{ADkBGkC?{@OgDEeBScBI}AMOCa@UuA]{@WqA?[WeAGi@Sa@Kg@QWg@{BISICCe@Sc@Ci@U}BGWO]GqA@EWe@BaAOUMy@Ac@s@gESYCg@Sm@', 'resource_state': 2}",False,False,False,False,everyone,False,,"[42.349082, -71.130032]","[42.34197, -71.121137]",2.59,6.433,False,False,False,74.0,12.6,17485076424.0,17485076424,stripped_5CE9430A-10F6-40C7-B8E7-5AD00B07E2DC-activity.fit,False,3,1,False
2,"{'id': 166391941, 'resource_state': 1}",Evening run,8569.1,3073,3089,17.3,Run,Run,0.0,Strava App,16380031513,2025-11-07T01:39:18Z,2025-11-06T20:39:18Z,(GMT-05:00) America/New_York,-18000.0,,,,1,1,0,1,0,"{'id': 'a16380031513', 'summary_polyline': '{wlaG~o{pLUsAOYKa@MSAOGCEKIo@c@g@IWUM[q@SQOIAIEAQYQMCEG?YQSG]_@EMUMGSI?QDCD_@P]HI?i@XIHSDSJEHU@IFAFK?QHc@TSIOJOByAl@O?c@LWDYNSIOFG?KDu@EOBOASDW^Or@GLQBUX[RGJeAp@m@HQ@KFOMG?WVm@NYJKCEEUOY?k@V}@XOHI?QLK?e@NmAt@i@FOFI@KLUHIJUF[Vq@Ng@VODaDpAmAb@OJg@PyAl@M@KHc@LIFI@YNg@PuBz@KFUBy@`@kCbAUDs@\\y@V[PM?CYWm@{@kDOy@O_AKk@KWIm@w@iCEKAM_@_BKUSsAW}@YqAM[Kq@g@kBc@uBg@mBWyAc@wAOy@]{AEICe@q@yCQo@o@mCIy@E_ABcECoBGm@I_@_@}@i@q@_@YMEcB]SH_@Gu@I_AUSCGCYUMUWSe@i@WQ}@y@qDqDs@i@WYi@c@EIa@]MQ{BsB{@}@k@c@UY}@w@WOc@IeAHg@RQ?SEa@g@u@s@MWo@s@EK?OFu@Pe@p@sAz@uCZo@Z_AJOZ{@LQLg@v@cBDQZo@`@gALQJYPYL]HGH?~@pANVfArARP~@`@vBt@t@\\FBFAr@\\PDl@VXPd@d@LRz@~ARd@T`@FDDL\\j@d@f@|ApAZPpAb@v@FLHNBFDVBLCXFXBXEP?`@Cn@w@JAX@FDv@Nl@TZFJFPDt@TP@j@TdAVz@ZPJHb@Vn@NJh@TB^AL@d@Af@Fl@Ld@p@r@n@v@b@t@Pb@\\bBDd@Nh@d@zCNn@^`ALz@DHH`@X|AHt@p@vDHn@Nd@PXVn@D`@CL@`@Fh@P|@VhBTbARtA^vADh@H`@Tb@LHXLT@t@QT`@H|@JLVPDJH^DZ\\pB?VKh@Br@\\bCh@jC^`CF`CDp@ABM?_@T?FDHF?HGNCXIAPD?LKf@SHODAFDj@UHAd@WJARILG?E\\OFITEv@WbAe@^Kp@YREh@Yn@QNMfAc@TOLCPKn@OLITAFGj@U^ENILO^KVEDEVKLMNAf@YVCZM\\Uz@Yb@Yj@SXWp@QDFTKn@Or@[hAk@|@SdAm@DGLUA@', 'resource_state': 2}",False,False,False,False,everyone,False,,"[42.341266, -71.088796]","[42.343354, -71.085546]",2.789,6.38,False,False,False,8.2,1.5,17465781266.0,17465781266,stripped_BA99CCB1-D288-4372-941B-5B73BBD67A36-activity.fit,False,0,0,False
2,"{'id': 166391941, 'resource_state': 1}",Evening run,12876.8,4632,4674,30.0,Run,Run,0.0,Strava App,16359128422,2025-11-05T01:29:21Z,2025-11-04T20:29:21Z,(GMT-05:00) America/New_York,-18000.0,,,,15,1,1,1,0,"{'id': 'a16359128422', 'summary_polyline': 'owlaGto{pLIDMCCUWq@O}@?KYy@UGHQGY[WKS[[Q]g@k@ISy@aAQMWGs@m@QA[RGRa@LEJYHMGYNMN[JSCO?y@ZQ?YPq@TEHQ?ILODIE_@TuAh@QNW?[L_@XgBn@GJa@RKLQH_@`@u@A[R?EWDw@^U?e@LOAYe@E?oAn@c@PMGE@qAh@g@XaAZMNy@VQPs@VYDc@TuD|AUD_Ab@kK~DmChA{GdCEYWu@gAeEU_BYqAgBsGY}Ai@_CgAeEmB}I_AwDk@_D_ByGKmACe@@eHGu@Mi@]_Aq@s@cAc@y@OKGiAAwB]]c@y@q@y@}@sCgCq@u@yAoAqFkF_@WsCsCYMi@I_AJ[NYDQEaAaA[_@EQMQe@g@CY@k@LSTq@f@cAz@wCr@{AhAwCn@uAR[b@uAP]TYLe@HMFYNC|BxCdA~@tAb@zAl@DF`DhAl@b@^h@p@zAhBxCzAtA~@n@~@Z`ALFDVA\\NbAJvAGJM^m@f@@jHrB|Bx@HR@TL\\LNb@NPNBJAVBhBPv@T^bAhAn@fAXz@`AnF?VDV?PDDNp@T^L^Jt@d@~BR|ATfA^~BNd@`@z@FRDZCD?r@xAvIl@|CRf@b@\\j@Bf@OF@Rd@Ft@X`@JF^~AT~A?JMXGXBb@J|@bA~EFn@R~@LxCDZAXPbA?`@DRHfCP~BT~Al@~CVp@TXHPHd@Ab@`@vAFv@ZrAD^?v@ShEMzFIlB?d@MtB@`ASjFCtBG^AvA@NInA@XC`AGd@A`AEn@@l@G`A?t@K|C@b@IhCI`AA~@?I@KJ?`BR`AXDL?NIv@Fj@?l@O`@BZBFTR@VEj@Rb@@LEv@IZKlBBN?VKdAAb@G`@KTc@NaDOaBSi@?yBO{ASKY@g@n@gGAuAHcCAa@DwDK{DGgA?y@QgCWyBUmAo@{CGUGGSoA_BsGKw@EIQmAa@oFUmAi@wBCa@i@iCYm@w@qDa@wAwBmJQo@YqBlFmBnAk@nI_DvDyAbCcAfGsBLKl@]b@GPMh@MRMTCXOtAe@VSNGtBk@j@e@JCDJf@KJD@FSQJKh@Bd@]Za@p@ORMn@OPMLQp@KTMh@o@l@Ox@Iz@YFBl@[T?|@S`@YNAf@e@z@MP@d@MJa@j@M', 'resource_state': 2}",False,False,False,False,everyone,False,,"[42.341204, -71.088747]","[42.343225, -71.086022]",2.78,6.23,False,False,False,12.6,1.5,17444754095.0,17444754095,stripped_029A7ED3-D886-4310-A6BC-B36763CA1B37-activity.fit,False,14,1,False
2,"{'id': 166391941, 'resource_state': 1}",Evening run,7359.5,2524,2712,24.8,Run,Run,0.0,Strava App,16347801542,2025-11-04T01:38:43Z,2025-11-03T20:38:43Z,(GMT-05:00) America/New_York,-18000.0,,,,2,0,0,2,0,"{'id': 'a16347801542', 'summary_polyline': 'ehnaGdrcqLOCGB{ArAMRk@j@a@RIJG?WPIPQFIHM@EIKAILqAh@IHMBOPIBE?[JU@OFI@QDEDO@OFi@JOF[@OFEAOFOLO@GBOBKOg@Ui@R[?OHGAWBOHEAOJ_@LG?WGc@FGDS@CDKDe@JI?k@LQFYBUJMO?GAFO?GBMAIIAWKQKe@CCEUIQE?KPG?gBUQEI?AH?PE^Et@CTG|@_@AI@KFk@@SASFK@E@[Do@@GBKCY@MDc@AI@i@DQ?_@DIAYDIAQM[BOIKAk@[QE_@c@KAKQSMGQQOEKOSEAIOOOGO[_@g@i@KSMIGM_@GMQEKMEKSQOS[EAGKUSKOOKM?UCq@Uq@_@W]WoAC@@AGKQQGWKIKAGEg@o@M[QMQW}@wACQMOEMOK[k@q@{@_B}BKKYg@IIGSc@i@KSo@u@QMSWiAcAYc@MISYIEKMICKSIIIAMQEAq@k@U]OO]Sm@o@UQy@{@UKo@g@SWWMIMo@e@KOGAWWEOBa@AQFw@?aBEK?_AM{AAu@C[Ag@J}CJiAAOH]@MTmAZu@BKJOTk@p@u@r@g@fAi@HGl@WTEbAc@fDy@V@t@Gb@GH@FAJB\\?HBX?t@DXA|@HNANBf@@T@XF`@Bt@Cf@Bn@AFBj@C\\?HBz@CLBh@?\\EVAHEND\\GHBHCz@EVGHBTIR@r@KT?VGx@GJCv@A`AKD@|@MjAEfBSbCe@xAg@ZUNGh@_@vAkAXe@JKh@s@p@uA~AqBnBeE@KPUDItBsB^k@h@eARMFCNHL?^D^?j@FFAb@FDARB^?`@DDDJAFB~@Hx@Bd@TZBn@HFVUpC?REt@Gp@Ad@KdB?dAIr@?`@ItAGR?`@ETARGFGr@?XEVGr@EbBMvB@LGX?TMxA?`@On@Al@@^@@CL?DIz@?PIl@?RE`@Ap@CV@VGTAh@MnA@PCPAf@GTFGTPFEVHPHARKt@?\\CP@NMdA@ZMhB?j@KbA@LCXGNA^?dAHl@TVXf@ZZ@HHFV`@PRFNz@xAN`@JLP^BVTx@FNFHNp@BTDJ@TJ\\Cb@FHET?PDLC~ADNAZBVEVAn@IPBXEL@FCX?VC\\@`@Bd@DVTd@Jf@R\\HKl@e@l@m@', 'resource_state': 2}",False,False,False,False,everyone,False,,"[42.34899, -71.130105]","[42.349483, -71.130454]",2.916,4.64,False,False,False,14.9,2.9,17433369531.0,17433369531,stripped_95086718-4F05-4FA8-B1F1-44F27C868769-activity.fit,False,2,1,False
2,"{'id': 166391941, 'resource_state': 1}",Work runny,6953.5,2502,2696,25.0,Run,Run,0.0,Strava App,16305275975,2025-10-30T18:30:05Z,2025-10-30T14:30:05Z,(GMT-05:00) America/New_York,-14400.0,,,,2,1,1,1,0,"{'id': 'a16305275975', 'summary_polyline': 'oxlaGlp{pL@A@MQqASk@@EEAACMiAUc@I[YUSQEGGGc@u@k@q@a@o@c@[M?QOQGW]Y@q@^c@NSBCDcAb@_@To@H]NI@SHK?MJ_@NGFa@LWDi@Nc@RODg@BODYNc@ZQN]NG@KHQBQNEECMGKCQEG[RKPWD]P[DYJO?MLAH]LK?[NEFYLSLY?wAl@]JQLWFGH]NIDKAMJ[F[PIJQBQJI@CDM@g@TK@KJUD]RWDOJa@Lq@Xm@Rs@^{Af@eAf@OB[Pq@R_Ab@g@NiAh@mAd@OHcA\\wAj@YFwAn@qAb@i@XCACIAUcAiDe@uBIq@Ia@i@yBMa@AMs@cC[uAY_BOg@UeAc@{AMo@a@{AG_@gAwECY_@sAw@iDGo@a@oBm@eC[cA@BE@KG?@GKCQMc@Ai@C?@?AEA@MEEGAYGOCY@WBE?U]oAQkAGOGAQNEACI[e@WCEGHm@Aa@Fm@?[BQAUDW?S@GB{BDa@J{DLuCBaBLiCN{EJaC@y@DQBsANcAHeABG@FEj@@^NTVFLRl@lCDJTHNANGRm@HKTKHATBd@ZDHTRP^lAZf@V`@DHFj@JZNVHHCt@\\F?HFBDJz@HPLJPJVHFDDrCJh@HRFDD?l@t@HRPNl@dARp@X`BN`@LnADNXfBVz@Rf@v@jELz@XrA?HVzAXdAf@jADZAhAPx@?HVzA\\`Bx@bFN\\LPZZP@XAFAZOH?Vb@@P?fALp@B\\`@fBDp@Ph@Jx@Px@Hh@hAjGJ`BD~Ac@LKFEFHLD?JIb@SDRD?JMfBo@^Uj@KPMHC\\UJ?\\SJANQNCXMbBg@j@]D?FDFZNPfAk@|@Wd@UNKXM@LNGFBDANGH@TEPS\\UBEREP@JCXURY`@MDEB@x@g@NCXOHCNINC^Qv@SD?DERKf@CZIf@YFG^GXMVGJILCJITCZSPCZQJCBENEDGXIRAFG', 'resource_state': 2}",False,False,False,False,everyone,False,,"[42.341366, -71.088861]","[42.34342, -71.086075]",2.779,3.94,False,False,False,11.9,1.5,17390167125.0,17390167125,stripped_DB47D74C-F0CA-46C5-B174-36A3A333C22C-activity.fit,False,1,1,False
2,"{'id': 166391941, 'resource_state': 1}",Run,7151.7,2415,2599,25.1,Run,Run,0.0,Strava App,16296239333,2025-10-29T20:14:10Z,2025-10-29T16:14:10Z,(GMT-05:00) America/New_York,-14400.0,,,,22,0,2,1,0,"{'id': 'a16296239333', 'summary_polyline': '_xlaGxo{pLgA{BCa@GUAm@Y]IQECIOOMi@{@IECI[[QOWi@IMo@m@OKGIECG?IGMN?AED_@FKRUBCFMHIAKNIBKACBO@M?GHOBIFg@PKJQECFKDEJG@A?E@KCOHO@KNC@GCE@QRGEG@WAQJ[FSPODEDc@Hs@BWRGAMZQF]HOJK@CFUBGHDH@?A@CIGGOo@@DEC?B@AQJkAd@EAEFe@BGHG?MJQTWDKHk@RONQDQ@OH_@NwAb@IFc@NOLSHCAEDOB_@PI@qAp@K?MLu@Vi@\\YD}B|@aBr@q@Vc@TgBn@_E`BUFo@XI@KHUH}ClAOBaAb@WFi@TODcA`@GAGa@Uk@EW[_AAQGIi@gCC[WkAk@wBo@uBqAoGwAqFu@uDQm@COSq@e@uBIQc@{BMaAKk@YeAu@gDMSC??@F@OCMGSoA?YYSASIe@Dw@AIO{@Oe@Mu@EMGAQNGCWk@a@I?IDc@NaED}BFw@TeIPkE?g@HkADkBBc@L{EDa@AUHUTcC?RE^B`@LTXLFHl@`CLXHH\\?HEVm@NONIT@j@\\VZN\\RJN@nBl@N@`@Jz@Z\\JPJXDNNDZTr@`@VVFDHAXDp@EJ@ZHx@FRHNJJ^f@ZVLRLJ@DLTD@Vv@l@`DN`ATbACTJPJj@d@lAHn@Nl@`@vBd@dDz@zCVn@Df@CJ?p@T`ARvAJ\\RhANjADHF`@Pp@@\\FZHVJHLV`@Vd@?d@QHDNb@@ZFf@^XHRn@tDQl@C`@pBxKDzALbBEFI?e@VDND@HKf@S@??LBDB?HKHAv@a@dBk@PCPSPGRKLCh@Sj@[HAHILn@BHDBJOJGXEVYZGLIVAf@Wj@Qb@SJCFBPE`@SLCHGH@ACHKDCLFNIXBHOHGr@a@V?DCLSPQLAj@Ub@YLMB??D@?F?LMPCXOFAVUXMR?PG\\ADEPAZOF@RGDIPCJIFCHIXCr@URANKRCf@SROJEJAF@PIPQd@SFIl@UN?PF@B', 'resource_state': 2}",False,False,False,False,everyone,False,,"[42.34128, -71.088765]","[42.343042, -71.086049]",2.961,4.56,False,False,False,11.9,1.5,17381050818.0,17381050818,stripped_CCD3BE12-2DE5-494B-88F0-A852E1B437F7-activity.fit,False,6,1,False
2,"{'id': 166391941, 'resource_state': 1}",Evening run,8863.8,3118,3273,16.9,Run,Run,0.0,Strava App,16287967008,2025-10-29T00:35:14Z,2025-10-28T20:35:14Z,(GMT-05:00) America/New_York,-14400.0,,,,3,1,0,1,0,"{'id': 'a16287967008', 'summary_polyline': 'ywlaG|o{pLABBEEOAYOOGOAKEEG]_@{@ASK[SYIK?CGKc@g@Wc@UIOMCIU[Se@UQW_@CGOBMMI?UYGAGF?AABWAaBh@m@VOLy@V[P_@JYPk@Ha@Re@H_A^g@JKNc@?g@XODWTk@R[NK@c@g@C@BAEAIBYNKJOBo@ZSDw@d@YFOJWFKFK@MLMDS?mAb@mB~@QB[NUBe@^W?CFEBo@RIF]LGHoA^QLq@Tc@T_Bl@_Br@_AVg@X}@X_@R}Aj@yClA}Bz@u@\\w@Tc@T{Aj@O@EEIe@Ui@S_A[aAc@iCc@iBGQGa@_AeDqAcGmCuKSiAYqASm@{@{DG_@Ea@Ke@oAuFSm@KoBDwFCw@MeA[_AQ]SUWUi@Yi@IM?WEIBEICAG@mAI_AS[AOGg@o@m@i@GCu@w@u@o@MOaA{@_@c@w@q@y@y@gAy@uAyAEIOIGKaA}@k@a@[_@GKyAuAc@Q_@Ac@F[?m@RUIoAoAQQGQi@i@GOCYBc@f@yAJUFW@KJMXq@Xw@vAgDFKTu@vCaHJg@Xk@LENDDJLJZf@LLJRr@v@RZRTPHz@XvFzB`@Jr@b@RVb@z@VZfAtBJLLXPV~@|@zAdAb@Pv@PdALNJr@BXDx@EVGNKHSTY`@?bCr@hA^^HzC|@f@RDDJl@J\\NJp@\\?VBf@ARB~@Pt@Z^HFV`@^`@l@dARv@\\lB@PVlAN`AJZBVNn@Xn@Dd@VjAPhA`@tBHn@FNLz@DLFb@Lh@\\n@Lb@DRCX@^Db@x@rE`@jCb@tBPd@PRPJH@`@Ah@OFDJZHH?b@J^`@\\^jBRtAAPWt@HZDXl@|CHp@Pp@D\\P`AHfAJbCEDK?_@R?NDBF?FKb@MB?BF?NLOZODEt@URO|@Wn@YLKd@QZEBGLGN?p@c@NGJ?d@SBELGj@KXWF@`Ag@TCVKPA`@OTYHED?ARFXDJHB?CDDTIVHL_@FCFINGp@Cd@WNWJCNMLE^]NCJBf@QFGhAWl@_@d@QPMV?RKbA]DEFBJC`@IZSZENKf@Of@[HMTEBEFAP?PEFGx@SHHLXRPTHR\\`@\\BF?JV\\HRb@j@XXLDb@f@Tf@\\xA|@lCD\\Nb@@XDb@HPV`AJVFb@l@tANV', 'resource_state': 2}",False,False,False,False,everyone,False,,"[42.341255, -71.088788]","[42.340473, -71.090794]",2.843,4.38,False,False,False,8.1,1.5,17372707388.0,17372707388,stripped_AC75A9D2-1BB5-4FEC-9DFC-F91E8BA6B79D-activity.fit,False,0,0,False
2,"{'id': 166391941, 'resource_state': 1}",Fuck my stupid fucking chungus life,2908.8,1015,1048,6.4,Run,Run,0.0,Strava App,16277083334,2025-10-28T00:49:20Z,2025-10-27T20:49:20Z,(GMT-05:00) America/New_York,-14400.0,,,,3,0,0,2,0,"{'id': 'a16277083334', 'summary_polyline': 'aipaGllxpLTN~DbAZLvAb@NJBHFh@FVPNn@XDFBjA?~@Fb@L\\NRRP\\f@TRDJRVVf@Tr@^fCv@~DTt@JT?HJZ?JFRB\\H\\b@|BFd@^jBFd@ZlAf@pADTD\\CNBp@N|@Hp@J\\`@fCBFRlAFNL|@HTBVTb@RXHDd@DTM\\EFPNPAf@Bh@Hn@ZpBRv@NnATv@?RHRNbAFNT~AR~@PbALjCD`@?TGHS@[R@FHHLSF?\\OBH@H@BBAJOhBq@NIFAJIPERAXUfAa@FKF@FGFAF@LKfAa@TG\\QHANI\\KJKfAa@D?DBLQZ?RKH?BKh@QFI\\ALIFMjAo@dAWLIF@LMVCPQR?JIJCLGBIHIJCZARQD?BEDETALIDBFAHKLALIJAd@STQ\\ILIHIp@K`@MTO`Aa@TMLCLIRCLId@Qp@e@@F', 'resource_state': 2}",False,False,False,False,everyone,False,,"[42.359378, -71.072869]","[42.343355, -71.085644]",2.866,6.7,False,False,False,8.0,1.5,17361745519.0,17361745519,stripped_9D618B5E-039B-4F25-870C-E64434DC6EE5-activity.fit,False,0,1,False
2,"{'id': 166391941, 'resource_state': 1}",Evening run,5086.5,1616,1634,10.6,Run,Run,0.0,Strava App,16276963943,2025-10-28T00:13:29Z,2025-10-27T20:13:29Z,(GMT-05:00) America/New_York,-14400.0,,,,16,0,0,2,0,"{'id': 'a16276963943', 'summary_polyline': '{wlaGno{pLMWGWQa@Ko@GKK]KOAQIW]g@ECGMSSIOOKYe@USIQSSOWm@q@Q?WIK[MCe@FGDE?Qa@QMG@SJMB}@ZWNSDQLUFy@XOJc@NGF]H[Ta@La@TO@c@PCDs@T]RGTAFE@UCWLW@WHIFW@IISBEDOZSDk@RIAWHIFCJQDKH[FWRm@TMJM?SDiA`@MHeA\\YRQDWNi@NWBEHo@XI@EFGEOD[\\WDOJG@OL[FYPK@}@`@SDcBt@{@ZOHI@mAh@iC~@a@RUFq@Zi@PCB{@ZOBCD{@^UFG?OL]Nc@LOHw@XG@qAh@[JEICYIMa@aBIQWiAQo@OkAMk@IQG_@s@sCEEIa@Qi@]yA?GCEGc@g@qB?G]iA[yAUw@Oy@Mc@Ga@Sy@AGIY_@gBKYG_@]yAM_@UmACWY_BUq@Ms@M_@Gk@ISCOSs@Go@EaA@GA_@@EAmABUAsA@GAq@IeAW}@Q[a@e@AGOKk@WaAOI?GDIEK?UEQGWAqAS_@A]e@q@o@WQSWUOm@q@IGKCIOqAkAMSMGSUYSm@s@u@q@UM[Y]c@EISQKE]_@a@]_@c@OGQSUQGK_@[QUOEa@e@SME?SGSAOBYRY`@GDI?OQg@[_@g@]a@WQIMs@s@GKAMFw@DULOZaALWDSVi@La@FINi@Vg@^gA\\o@DW\\q@n@cBNWHSVk@BCJ_@Rc@DUTc@DQT_@JAF@R^h@l@HRHH^b@DBX`@f@`@LD\\Tn@Pv@VBDF?BDPDp@ZJ@l@V', 'resource_state': 2}",False,False,False,False,everyone,False,,"[42.341261, -71.088718]","[42.364227, -71.070265]",3.148,5.08,False,False,False,8.0,1.7,17361625605.0,17361625605,stripped_9B8892B7-0634-4B98-8BD4-A1E7C1CD6767-activity.fit,False,15,0,False
2,"{'id': 166391941, 'resource_state': 1}",Evening run,8622.4,3029,3092,17.2,Run,Run,0.0,Strava App,16237730333,2025-10-24T00:51:24Z,2025-10-23T20:51:24Z,(GMT-05:00) America/New_York,-14400.0,,,,11,0,0,2,0,"{'id': 'a16237730333', 'summary_polyline': 'oxlaGro{pLK[?KOUBg@GIAKGIKo@U{@UUYa@YSOSM[c@c@IQUQO_@MGQQGOOIS_@OIMOEDE\\MCa@Ra@L?B@CUJK?a@TILo@NS?EFQDUPWBQJCDYFEDg@NCDEASPIEKBoA`@a@T_@Fo@V[Vc@TK@EEG@OPUDKNAH@AGEW\\}@^_@?SHM@[ZE@WGy@Z[HYPIk@GIC?GHYPa@N?CIAGBMJOBg@VQPYLIA[N_@JIHa@HIFu@Rg@^w@VGFI?y@Z{@^aBn@_@TmC~@uElBo@RsAj@qG`Cq@\\_@Hc@RIAEEAWi@aBi@}BWcBWeAeBoGWsAc@mBCQ{@_D[{Ac@iBGMg@gCYiAE]ISKi@M]EW_@{AUaBEIAMOi@Gc@{@oDM]I}AA}@ByAA_@@sBKoASk@Se@c@m@m@a@]Ke@Kg@ACBm@Kk@CMGuAS[a@s@q@i@e@SUq@o@]WOQy@u@uCuCy@k@UUU[_CwBUYc@[o@u@IC_@[U[QKc@O_@?m@NOAi@PQGe@i@q@o@a@k@_@[IWAs@FWJMBQJS\\aAJMFQHIRy@t@oB\\q@d@mALQ@IL]BCN[\\y@j@_BP]\\eAd@}@HANHFLp@|@HP`AdAHNd@^\\Nb@JRJjAb@NJbAXJJpA^XPZXTXBJj@z@BJJJ~@fBl@bAnAdAD@v@l@f@Vx@Rj@D`@JLJVA|@Nb@OH@^CHQHCHUJKPCn@H|@ZfCp@xAf@|@Tv@ZHLB^J`@FDD?VV\\LDfAAfAJd@Td@t@|@VTT\\Td@Pf@f@bCt@hEVdANZl@fDNn@@T|@dFVbAb@bABLHVGRDv@TrA@NRbA\\tBJ^Hp@T`ADb@Vp@LPTNZDv@WFBVj@@NCLBHHHBPPPJTJ\\Nt@@PLl@Ff@CNKVCXDj@Lj@Lx@FRX|AHn@\\zAFr@DnBBl@AHQ@_@TDLFBLM`@QDD?LFAJMRKXE\\UTGPMZK`@UXIDEVG^QFGn@Md@WPANPPHr@_@ZBXE`@Wf@QLITENQjAKt@_@h@Kb@_@j@IZMHOJI\\MLMZIj@YHANKb@OHIv@S@EZINMRGVCTI\\@HGJ[LOV?^GHKN@BGLIb@GL?DE`@MBE\\DDCBILGBIJ@^[PEF@DI', 'resource_state': 2}",False,False,False,False,everyone,False,,"[42.341364, -71.08874]","[42.343467, -71.086072]",2.847,5.26,False,False,False,8.1,1.5,17321943387.0,17321943387,stripped_BCAE82A4-9E86-4EBD-8D87-DB9CFEE32C9F-activity.fit,False,2,4,False
2,"{'id': 166391941, 'resource_state': 1}",Ankle breaker,3.2,1,35,0.0,Run,Run,0.0,Strava App,16237449355,2025-10-24T00:50:05Z,2025-10-23T20:50:05Z,(GMT-05:00) America/New_York,-14400.0,,,,0,0,0,1,0,"{'id': 'a16237449355', 'summary_polyline': 'eylaGlp{pLACF?AEBIG@', 'resource_state': 2}",False,False,False,False,everyone,False,,"[42.341473, -71.088869]","[42.34147, -71.088777]",3.2,0.64,False,False,False,4.0,4.0,17321661310.0,17321661310,stripped_508B5D9D-24AC-4093-B109-44BD9CAE0309-activity.fit,False,0,0,False
2,"{'id': 166391941, 'resource_state': 1}",Evening run,13426.9,5301,5305,23.8,Run,Run,0.0,Strava App,16217727400,2025-10-22T00:39:08Z,2025-10-21T20:39:08Z,(GMT-05:00) America/New_York,-14400.0,,,,10,1,1,1,0,"{'id': 'a16217727400', 'summary_polyline': '}wlaGxo{pLUs@O]Ok@Ue@ECKs@Yu@[[c@m@MYWQkA_BQOSEYQe@e@OLq@Rg@LuAv@GCu@P[Te@LgAf@UH]@u@^u@Lw@KQROBg@p@OFWTs@T[^MHGJs@VUHm@BOTOBS?sAJYTEAKa@C?wAr@w@Tw@j@]DaBh@g@XG?]LQNQDm@ZyDtAcCdAaBj@u@^k@NuCnA}@XaCbA{GdCEEIg@m@kBg@{BWaB_AwD{@uC_@qBe@uBq@yBY}A_A{Du@kDq@gC[cBGm@i@cCeAeEIu@Cy@BgEEwBQkAa@cAm@o@o@]m@I[@C?BG_BKuB]o@w@cA{@qCoCQKcDaDo@e@a@k@s@i@_AcA_@YsAsAcB{A[K_@E[Ha@?MHK?[JGCMGsC_DGSA]Fq@v@sB^m@V_Ab@kApCsGhByEFUTa@FCNDFL`@`@zApBh@h@lDpAZPjDnA~@hAlCvE`@j@bClBb@T`C\\^RfAH`@G^?VOd@o@`@?fJjCjAb@FPLl@HPXT`@P?d@Dd@?|@Nz@\\f@bAjAXd@Vl@ZpA|@lFPv@Vr@h@dCbBtJh@zALd@BN?bAHh@lA`Hr@rD@QIQI_@m@uD{@kEMkA@w@Ka@Wi@e@sBcAiFGo@]gBOs@c@uA_@yBCYQo@k@aDm@oA_BgBKWOu@@_AEW?[CUKM[IUQKUKq@KMe@WeDcAcAUu@YiB]_@@OLc@l@qAFe@Ma@?MKUCQMi@?eAWgBkA{@w@}BuD{@}A_@a@_@W_@OsHqCy@u@iBaCc@_@G?KJWb@mA|CGXq@vAGTWf@gBpE]p@IZMRe@`BMF_@hACl@Hf@HLb@\\xAbBRN\\FNIXANIb@I~@LtAxAfAdArCbCl@n@d@r@dAr@j@f@zAxADJvDdDp@n@X\\VLL?~@RxALXLdABz@d@n@|@^dAHf@@zCEhDBf@JbAz@xDf@vBHTVnBbBxGRfAfAnERhAZbAd@jB~@tENd@tAjF^xBj@~Br@~BPRbFuBr@ShMeFbC{@hDyA`@KdAg@h@OPOj@WPA~@c@v@UJM~Bw@fBy@v@QdAs@^EV[vAWNY\\INFlBs@RSvAk@~Aa@ZShDyAdC{@LKj@Mx@k@', 'resource_state': 2}",False,False,False,False,everyone,False,,"[42.341273, -71.088761]","[42.343371, -71.085611]",2.533,4.32,False,False,False,8.2,1.5,17301822701.0,17301822701,stripped_C43BE49C-F9AF-43CF-B9D5-E5BF0B1BC9FC-activity.fit,False,3,1,False
2,"{'id': 166391941, 'resource_state': 1}",Evening run,8758.6,3262,3338,17.2,Run,Run,0.0,Strava App,16206340635,2025-10-20T23:30:43Z,2025-10-20T19:30:43Z,(GMT-05:00) America/New_York,-14400.0,,,,4,0,0,2,0,"{'id': 'a16206340635', 'summary_polyline': 'uxlaGvo{pLACBG@IC_@Kq@Sc@Ia@KU@MCIGGIUKMIASWIQUSWa@GSOOIYOIa@k@k@a@i@MMWOE]HYVO?aAZi@TSPGAED_@HqDvAc@Fg@Pg@TEDq@Jq@b@c@JKHUJk@LIHE?GRM?SPGJQHMNgALe@N]BBCA?o@VUBUX[LC?DGEq@CGIBi@\\y@ZUDa@POLW@a@XmA`@c@XU@ADu@^}@VUNkFrBm@X_DnAeCz@{Aj@}@b@O@wAr@YFo@RoDzAg@JEGA_@Um@Qk@Mq@EGKo@YeAMeAK_@AMOc@_@iB_@gAS{@EIIg@EEM}@YcAO{@e@cBm@iCEI_@oBM]Ks@IO?Ka@{AOy@]kACW]uAGo@QcA]kAu@mDOWC]EyBD{FOmAc@mA]g@i@a@MEiAWO?GIc@F_@C_BW[CQGYc@iAiAm@c@k@m@qAeA]c@YUEKWOq@u@k@e@OSo@c@_@e@[QkBqBc@]AEq@m@CIQKIMQIUWUOk@KWDKFy@FYJUKSW}@}@]g@e@c@ES@}@BMP[j@iBJYTYFYDCBUd@cAbAsC~AkDBMTc@v@}B`@u@FERFz@fAJZ@^Fj@J`@b@b@PFb@d@f@ZXNzAb@DNIP@JGRAb@RlBVhAj@xAV`@X\\`@Tp@Rx@JnAD`DZh@CzB_@XHV?TDRPf@@`@Fj@GZBNIl@{@X?\\Hn@V`ARrBj@dBl@XDVLZDDHLx@HHAJBFLFBDHANFRP@LATDPC|@J|@HXFJJHDFLFr@~@l@dAVv@l@dD?JDFB\\Rx@N|@\\fA@FLd@h@|CBXf@nCHp@t@nCJRNb@@hANjALj@@NdBtJVj@^Tf@?h@QHDDPJL@JDr@b@b@DJJn@J^PnAFP?ROn@A\\F^N^BZEDFN@PN^?PJl@BD?NH`@DFB^Ph@Hj@BtADb@BbAODc@P?JFHHEBIH?VOH?@BAND?RWF@pBw@bAUj@c@^QL?LI`AWRSXKFITCVORCh@h@ZQn@WAAN?FMRGT@ZKRQRCPBZWFAPD^A^o@v@KDGCALAHQPUJ@j@g@XGRMBNFBLULI\\E\\UN@TGt@g@RINERHLKRGBGj@GRQF@HOHCFGN?HDNEJ?LEJDPKL?TOJSVOH@HQFEZIFKTQHA', 'resource_state': 2}",False,False,False,False,everyone,False,,"[42.341392, -71.088752]","[42.343326, -71.085996]",2.685,5.1,False,False,False,8.1,1.5,17290357370.0,17290357370,stripped_4703CDA4-0E08-4D14-8173-A5AD091E72D2-activity.fit,False,0,1,False
